year,n,mean,ci_lo,ci_hi,metric,variant
1958,28,0.6615712237229664,0.6273437572865765,0.7063732332569206,lyric_valence,weighted_all
1959,35,0.6275472456678763,0.6018191709414763,0.655776833685086,lyric_valence,weighted_all
1960,58,0.6310761141188712,0.5929613708856926,0.6647087391719863,lyric_valence,weighted_all
1961,51,0.6231125668285395,0.5985141010661795,0.6500390674252889,lyric_valence,weighted_all
1962,38,0.5722537242318884,0.5283553541008686,0.6319275901125808,lyric_valence,weighted_all
1963,55,0.636367390899827,0.6126761465841896,0.6608763909662503,lyric_valence,weighted_all
1964,67,0.6489357270182113,0.6255978987595129,0.6706404561929685,lyric_valence,weighted_all
1965,59,0.6425318713105573,0.6297846220554476,0.6559688329092863,lyric_valence,weighted_all
1966,65,0.6134825008620481,0.5846325445377883,0.6414225228209685,lyric_valence,weighted_all
1967,54,0.6300112969797266,0.6047790719578576,0.6559829044101195,lyric_valence,weighted_all
1968,61,0.6330600177707516,0.6129119435308592,0.6530796440592491,lyric_valence,weighted_all
1969,54,0.6531512962926538,0.6261264496398357,0.6831770860091663,lyric_valence,weighted_all
1970,57,0.6319258314015691,0.6086938551152749,0.6554593842895434,lyric_valence,weighted_all
1971,54,0.6514542110720444,0.6298106507959873,0.6717050640936528,lyric_valence,weighted_all
1972,56,0.6390949600838396,0.6191713841889935,0.659733698780668,lyric_valence,weighted_all
1973,48,0.6098670946643341,0.5842930686157581,0.6327780956982447,lyric_valence,weighted_all
1974,40,0.6373198641116938,0.6133831798082805,0.6616293425155884,lyric_valence,weighted_all
1975,47,0.615974653456828,0.588975178592457,0.6381276956232219,lyric_valence,weighted_all
1976,30,0.6082302884164924,0.5754321855455667,0.6453288082097585,lyric_valence,weighted_all
1977,39,0.6435236093157233,0.6140909021568054,0.680780793837605,lyric_valence,weighted_all
1978,38,0.6326769158561575,0.6150327466534341,0.6545831378736254,lyric_valence,weighted_all
1979,35,0.6263682589553681,0.5880745734501778,0.6631288621129382,lyric_valence,weighted_all
1980,39,0.5935902283318579,0.5660608472802621,0.6180130947896355,lyric_valence,weighted_all
1981,45,0.6429956363900394,0.6257195903924015,0.6580558499833785,lyric_valence,weighted_all
1982,45,0.6318682092586437,0.6117691723713555,0.6497301360515535,lyric_valence,weighted_all
1983,38,0.6203598960360038,0.5875108025070003,0.6515502895235276,lyric_valence,weighted_all
1984,44,0.6184282360368013,0.6001943694307471,0.6387932034303542,lyric_valence,weighted_all
1985,38,0.613219959538363,0.5918395494383928,0.636905386253971,lyric_valence,weighted_all
1986,31,0.6156027843994357,0.5798495140778432,0.6493890600887128,lyric_valence,weighted_all
1987,30,0.6181013619614438,0.5797708084608194,0.659574313461131,lyric_valence,weighted_all
1988,37,0.6369586542446372,0.616810585969019,0.6558879529596345,lyric_valence,weighted_all
1989,29,0.616681609998074,0.5778833119880433,0.6441549682807686,lyric_valence,weighted_all
1990,41,0.6266621213521629,0.6063731223730202,0.6452305118372138,lyric_valence,weighted_all
1991,27,0.6552950826285786,0.6156157664351533,0.6930781016082428,lyric_valence,weighted_all
1992,33,0.6288511417444406,0.5973810258368446,0.6633487030176476,lyric_valence,weighted_all
1993,35,0.6221623009267913,0.5981756607930087,0.6458786024472377,lyric_valence,weighted_all
1994,50,0.6413736131130211,0.6142013838516088,0.6689083272004833,lyric_valence,weighted_all
1995,37,0.6388557769283364,0.6013660223265983,0.6700713746200166,lyric_valence,weighted_all
1996,36,0.6070733451903462,0.5818847822712955,0.629722037865492,lyric_valence,weighted_all
1997,38,0.6420952637169209,0.6095869771450584,0.668185400145459,lyric_valence,weighted_all
1998,33,0.6421495696085319,0.6062540092231814,0.6744397251500531,lyric_valence,weighted_all
1999,48,0.6285626170671371,0.6074577094455221,0.6467355852308928,lyric_valence,weighted_all
2000,41,0.6356802490296021,0.6020613894966315,0.6655562352003581,lyric_valence,weighted_all
2001,38,0.6210530383459071,0.6031911121052028,0.6386200898987202,lyric_valence,weighted_all
2002,32,0.6102665176296606,0.5918704128414886,0.6334333233175211,lyric_valence,weighted_all
2003,38,0.609353924236412,0.5838033459826093,0.63558622752586,lyric_valence,weighted_all
2004,32,0.5901680133735555,0.5674663294176305,0.6104530483354199,lyric_valence,weighted_all
2005,44,0.592797438751853,0.5642766727014288,0.6212660267497832,lyric_valence,weighted_all
2006,38,0.605362464162551,0.5836784227636254,0.6298511001585826,lyric_valence,weighted_all
2007,42,0.6055135877785428,0.5789115531243316,0.6282072229601735,lyric_valence,weighted_all
2008,50,0.6068084009613546,0.585503603978929,0.6238119862526691,lyric_valence,weighted_all
2009,58,0.5982829209914379,0.5781389662799049,0.6194891686940679,lyric_valence,weighted_all
2010,65,0.6025298950627026,0.5849892497643533,0.6202485030613495,lyric_valence,weighted_all
2011,68,0.5915458614375362,0.5583939207360166,0.6167719366200853,lyric_valence,weighted_all
2012,49,0.5838941531520936,0.558542081788631,0.6104024158439163,lyric_valence,weighted_all
2013,59,0.6000012120048068,0.5744636053534302,0.6236514484343062,lyric_valence,weighted_all
2014,53,0.5795566473391044,0.5611514453283537,0.6020448365586231,lyric_valence,weighted_all
2015,63,0.618375090592019,0.6011873068828211,0.6345755475576469,lyric_valence,weighted_all
2016,52,0.5757739745771644,0.5385430218504013,0.6101910425296664,lyric_valence,weighted_all
2017,45,0.609712805807231,0.5724513649155895,0.6424438336231416,lyric_valence,weighted_all
2018,79,0.5922851852009137,0.5680466960000814,0.6177295885213944,lyric_valence,weighted_all
2019,66,0.5941026206682712,0.5701383476782812,0.6147537325101037,lyric_valence,weighted_all
2020,76,0.5675727672173131,0.5455061970840075,0.5917922125007197,lyric_valence,weighted_all
2021,86,0.5747890345817914,0.5495514156925937,0.5939503054790349,lyric_valence,weighted_all
2022,79,0.5972571377897868,0.5727525085916665,0.6191912008263651,lyric_valence,weighted_all
2023,82,0.557301444994277,0.5409766146591541,0.5782974450076525,lyric_valence,weighted_all
2024,81,0.5924651480611876,0.5654122950164147,0.6234287179715605,lyric_valence,weighted_all
2025,74,0.5788533283144276,0.5553181695070258,0.6026731336190416,lyric_valence,weighted_all
2026,57,0.6147281548378354,0.5814171179383464,0.6557656505362666,lyric_valence,weighted_all
1958,28,0.6623123752632541,0.6410548468156277,0.6843938829082804,lyric_valence,unweighted_all
1959,35,0.6213658852038003,0.598361839797149,0.6444795037954754,lyric_valence,unweighted_all
1960,58,0.6215122520917028,0.5987497119516233,0.6446652800798591,lyric_valence,unweighted_all
1961,51,0.6338091365126852,0.6147219230961631,0.6532763218950339,lyric_valence,unweighted_all
1962,38,0.6114518897320117,0.581980999456098,0.6373860833832713,lyric_valence,unweighted_all
1963,55,0.6411552687799739,0.619689402461644,0.6640571081061978,lyric_valence,unweighted_all
1964,67,0.6445789568315334,0.6268015866123601,0.6625532809336375,lyric_valence,unweighted_all
1965,59,0.6371120206494814,0.6215385499546765,0.6549728947925844,lyric_valence,unweighted_all
1966,65,0.6250002041246105,0.6053943941631127,0.6429326134107272,lyric_valence,unweighted_all
1967,54,0.6269591031262485,0.6056754735794122,0.64755980831418,lyric_valence,unweighted_all
1968,61,0.6334260068265308,0.6180101576050271,0.6486729327933161,lyric_valence,unweighted_all
1969,54,0.6541768164942781,0.6374389507021553,0.6721352480964758,lyric_valence,unweighted_all
1970,57,0.6328910880251216,0.6136445545710384,0.651000484557766,lyric_valence,unweighted_all
1971,54,0.6411643993095754,0.6244010498111681,0.6572731807651004,lyric_valence,unweighted_all
1972,56,0.6354631695245389,0.6191912666660946,0.6520352069197116,lyric_valence,unweighted_all
1973,48,0.6148034235202373,0.5955131519301682,0.6337723073795386,lyric_valence,unweighted_all
1974,40,0.6287336234695629,0.60544590452764,0.6491181554454312,lyric_valence,unweighted_all
1975,47,0.6209702751461138,0.603176269353016,0.6365482550106405,lyric_valence,unweighted_all
1976,30,0.6240257971279835,0.6032738573105934,0.6457183307033416,lyric_valence,unweighted_all
1977,39,0.647609862870338,0.6261871876715878,0.6684039034151256,lyric_valence,unweighted_all
1978,38,0.6259254281404638,0.6086500907289507,0.6430154341584284,lyric_valence,unweighted_all
1979,35,0.6152322927745654,0.5876523702156738,0.6392815301735219,lyric_valence,unweighted_all
1980,39,0.5974084418351664,0.5772922780233417,0.6142966507930753,lyric_valence,unweighted_all
1981,45,0.6351511136614527,0.617262960481349,0.6511195027783809,lyric_valence,unweighted_all
1982,45,0.6292877567481948,0.6120673251412366,0.6460212592345518,lyric_valence,unweighted_all
1983,38,0.6226191333772239,0.6013868331030043,0.6445811150022679,lyric_valence,unweighted_all
1984,44,0.6235922079013132,0.6075178928487063,0.6388000470051726,lyric_valence,unweighted_all
1985,38,0.6152645965912308,0.5946712031810552,0.6377306022381618,lyric_valence,unweighted_all
1986,31,0.6209233827730737,0.5948332371597087,0.6467681668400784,lyric_valence,unweighted_all
1987,30,0.6200367272337971,0.5947918768681691,0.6435919022506522,lyric_valence,unweighted_all
1988,37,0.6309954418459433,0.6113434165056347,0.6500793749128185,lyric_valence,unweighted_all
1989,29,0.6235699434294307,0.6031330113508211,0.6435006561278465,lyric_valence,unweighted_all
1990,41,0.6246798992637689,0.6076254581802549,0.6415278570309045,lyric_valence,unweighted_all
1991,27,0.6485988199301227,0.6183966217520798,0.6779754804018806,lyric_valence,unweighted_all
1992,33,0.6307758471873722,0.6116133145980723,0.650308569467118,lyric_valence,unweighted_all
1993,35,0.6183792909475956,0.5977333026380208,0.6391353240987959,lyric_valence,unweighted_all
1994,50,0.6271107472138542,0.6057699259692588,0.6478641452819544,lyric_valence,unweighted_all
1995,37,0.6192371967498735,0.5922551501467437,0.6460225783338167,lyric_valence,unweighted_all
1996,36,0.6080050244930649,0.5855680355421171,0.6308943470076628,lyric_valence,unweighted_all
1997,38,0.6311806756708784,0.6100936938003726,0.6517087120719276,lyric_valence,unweighted_all
1998,33,0.6193508668137926,0.5986999911536987,0.6422174782891439,lyric_valence,unweighted_all
1999,48,0.6154889704874901,0.59939777456946,0.6327695211967869,lyric_valence,unweighted_all
2000,41,0.6165237415290759,0.5978216340726042,0.633033679434921,lyric_valence,unweighted_all
2001,38,0.6119189691922701,0.5916272799096328,0.6305600757683286,lyric_valence,unweighted_all
2002,32,0.608307303994662,0.5892429550714801,0.6295141949642351,lyric_valence,unweighted_all
2003,38,0.6024129681635213,0.5803124024278286,0.6227968142900119,lyric_valence,unweighted_all
2004,32,0.5957026596577444,0.5774537231677236,0.6175820514805336,lyric_valence,unweighted_all
2005,44,0.5944762322852535,0.5708807305125914,0.6138723678475047,lyric_valence,unweighted_all
2006,38,0.6076236761644983,0.5900683947012282,0.626343162885658,lyric_valence,unweighted_all
2007,42,0.607461089121637,0.589664688854445,0.624562785695924,lyric_valence,unweighted_all
2008,50,0.6108538069245169,0.5933664667898594,0.6274558538319177,lyric_valence,unweighted_all
2009,58,0.6072667670462052,0.5948349793072877,0.619335705808046,lyric_valence,unweighted_all
2010,65,0.5866783097102157,0.5729576859864053,0.5993713383830901,lyric_valence,unweighted_all
2011,68,0.60707846808923,0.5913553826310781,0.6216438485518125,lyric_valence,unweighted_all
2012,49,0.5752442602301365,0.5556767735368741,0.5943101051235677,lyric_valence,unweighted_all
2013,59,0.5979921705394918,0.5812527105710759,0.6150769211963939,lyric_valence,unweighted_all
2014,53,0.5879436149779652,0.5726304223576424,0.6027558682009475,lyric_valence,unweighted_all
2015,63,0.6095281555397376,0.5957771209815121,0.6221542542864772,lyric_valence,unweighted_all
2016,52,0.5928289833556042,0.5736011815717498,0.609146745295992,lyric_valence,unweighted_all
2017,45,0.5829294687763978,0.5677151737231854,0.5994263200134267,lyric_valence,unweighted_all
2018,79,0.5820398361631561,0.5681607143067582,0.59558976887791,lyric_valence,unweighted_all
2019,66,0.5730115962178922,0.558660547838436,0.5875362242438074,lyric_valence,unweighted_all
2020,76,0.5746305183347128,0.5650309526254557,0.5843893213845947,lyric_valence,unweighted_all
2021,86,0.572685285132969,0.564053576404445,0.5816041846125061,lyric_valence,unweighted_all
2022,79,0.5824711165239375,0.5716681483529761,0.5937552437266278,lyric_valence,unweighted_all
2023,82,0.565788213960947,0.5534159560842948,0.577014102261046,lyric_valence,unweighted_all
2024,81,0.573102940234349,0.5629085901523307,0.5831484443585943,lyric_valence,unweighted_all
2025,74,0.5781406454459904,0.5648951021839619,0.590216382785203,lyric_valence,unweighted_all
2026,57,0.5915134964980893,0.5734233543304948,0.6091926667098367,lyric_valence,unweighted_all
1958,27,0.6615973594022486,0.6254469566524432,0.7046441672185435,lyric_valence,weighted_complete_case
1959,27,0.6280077148928321,0.601303659931552,0.6566453083736924,lyric_valence,weighted_complete_case
1960,26,0.6370982949908335,0.5911723471735953,0.6751453526588301,lyric_valence,weighted_complete_case
1961,27,0.615092868563982,0.5895286107909454,0.6426900147612006,lyric_valence,weighted_complete_case
1962,27,0.571668764287164,0.5243408672144938,0.6351708520909445,lyric_valence,weighted_complete_case
1963,27,0.6344753997743704,0.6033957820874096,0.6611624580488021,lyric_valence,weighted_complete_case
1964,27,0.6565049369768448,0.6292336028352482,0.6833945150601949,lyric_valence,weighted_complete_case
1965,27,0.642588301110712,0.625264166045197,0.6585837698703668,lyric_valence,weighted_complete_case
1966,24,0.6112166118863405,0.571269917642919,0.6496272698148264,lyric_valence,weighted_complete_case
1967,26,0.6281731209605131,0.5950691428741532,0.661409742939939,lyric_valence,weighted_complete_case
1968,27,0.6287575116266395,0.604635450102316,0.6523663605839888,lyric_valence,weighted_complete_case
1969,27,0.6544182647643435,0.6243030613363121,0.6876817104690668,lyric_valence,weighted_complete_case
1970,27,0.6297817143932406,0.602049270635884,0.6590357201254127,lyric_valence,weighted_complete_case
1971,27,0.6551812947941145,0.6318225582330534,0.6775146201369303,lyric_valence,weighted_complete_case
1972,27,0.6420282216337936,0.6179140643283957,0.664198326193279,lyric_valence,weighted_complete_case
1973,27,0.6093384315078688,0.5805380854121448,0.6345142452134276,lyric_valence,weighted_complete_case
1974,25,0.6381665522020482,0.6119153217363695,0.6647789899774621,lyric_valence,weighted_complete_case
1975,25,0.6160156961160579,0.5879392971221099,0.6390051419223473,lyric_valence,weighted_complete_case
1976,27,0.6082774763224253,0.5765125195639017,0.6467252034523755,lyric_valence,weighted_complete_case
1977,25,0.6426465787528929,0.6107302424589847,0.6793149939859087,lyric_valence,weighted_complete_case
1978,25,0.6347510198860887,0.6167673675892368,0.6588474208670584,lyric_valence,weighted_complete_case
1979,27,0.6266798508879712,0.5881161860533056,0.6634252789709005,lyric_valence,weighted_complete_case
1980,26,0.5923359550413333,0.5627538084215938,0.6217391445784527,lyric_valence,weighted_complete_case
1981,27,0.6436082960370911,0.6238020217686424,0.6600600273932056,lyric_valence,weighted_complete_case
1982,25,0.6332328612940243,0.6114437803750226,0.6533354309347379,lyric_valence,weighted_complete_case
1983,26,0.620710159368789,0.5846542842883037,0.6531185443506127,lyric_valence,weighted_complete_case
1984,27,0.6177283614127657,0.5975519957043769,0.6388005268960493,lyric_valence,weighted_complete_case
1985,27,0.6122292196811896,0.5882204160904277,0.6360456401324771,lyric_valence,weighted_complete_case
1986,26,0.6154203365053921,0.5744789094221945,0.6528761918871019,lyric_valence,weighted_complete_case
1987,27,0.6182054467128215,0.5808461245711053,0.6614902957055873,lyric_valence,weighted_complete_case
1988,27,0.6367449546633513,0.6151266334619013,0.6564180430414014,lyric_valence,weighted_complete_case
1989,27,0.6166773322930158,0.5830346271491756,0.6449629062499985,lyric_valence,weighted_complete_case
1990,27,0.6262637694843636,0.6037709562803442,0.6469945642987854,lyric_valence,weighted_complete_case
1991,27,0.6552950826285786,0.6140578131286692,0.6912723069928023,lyric_valence,weighted_complete_case
1992,27,0.6289101315884874,0.5989201560489466,0.6652445514428006,lyric_valence,weighted_complete_case
1993,26,0.6228162012756354,0.5979736097257546,0.6492587189290701,lyric_valence,weighted_complete_case
1994,26,0.6440149070978746,0.6149218842682354,0.6739891681358567,lyric_valence,weighted_complete_case
1995,27,0.6405094678247871,0.6038606481813911,0.6748959437764014,lyric_valence,weighted_complete_case
1996,27,0.6071563317146436,0.5831174016072672,0.6318426733950417,lyric_valence,weighted_complete_case
1997,26,0.6452161420224568,0.6095749827211454,0.673287227963593,lyric_valence,weighted_complete_case
1998,27,0.6437675227113072,0.6090133004979447,0.6765010790572588,lyric_valence,weighted_complete_case
1999,27,0.6319309622505219,0.6117813501736217,0.6516741982658242,lyric_valence,weighted_complete_case
2000,26,0.6371811213517279,0.5978395648859035,0.6691499736262665,lyric_valence,weighted_complete_case
2001,26,0.6225461918804942,0.6045392569966404,0.6415319439548349,lyric_valence,weighted_complete_case
2002,26,0.6096326981459294,0.5906840769290247,0.6326197641217768,lyric_valence,weighted_complete_case
2003,27,0.6083386925106861,0.5818067827802524,0.6355883944618194,lyric_valence,weighted_complete_case
2004,27,0.5903983632119985,0.5671875653049913,0.6127576028314021,lyric_valence,weighted_complete_case
2005,27,0.5916708459926396,0.5593854070567681,0.6220932503026291,lyric_valence,weighted_complete_case
2006,27,0.6054883596451087,0.5843134129676769,0.6330813213427924,lyric_valence,weighted_complete_case
2007,27,0.6048003256854532,0.5753578733576623,0.6287994225372131,lyric_valence,weighted_complete_case
2008,26,0.6072455476292982,0.5848951480835773,0.6264044684545247,lyric_valence,weighted_complete_case
2009,27,0.597900936695753,0.5763607582672561,0.6205306660057139,lyric_valence,weighted_complete_case
2010,26,0.6043808574740046,0.5848419096064901,0.6215413469005279,lyric_valence,weighted_complete_case
2011,27,0.5905038239371552,0.5558715350819536,0.6184756344087479,lyric_valence,weighted_complete_case
2012,27,0.5875480801869223,0.561500330669978,0.6171919023284601,lyric_valence,weighted_complete_case
2013,26,0.6015512568032505,0.575575268153884,0.6252465340248502,lyric_valence,weighted_complete_case
2014,26,0.576983755212048,0.5562082554821133,0.60047292782048,lyric_valence,weighted_complete_case
2015,26,0.6181123692114191,0.5978277335829701,0.6357981687682863,lyric_valence,weighted_complete_case
2016,27,0.5748931081580284,0.5399945908070232,0.6108556924234979,lyric_valence,weighted_complete_case
2017,27,0.6103526228791575,0.571812839513171,0.644217491553836,lyric_valence,weighted_complete_case
2018,27,0.5944874422263546,0.5679710793350901,0.6249848209640428,lyric_valence,weighted_complete_case
2019,25,0.596166588605789,0.5735144197835086,0.6196049281817021,lyric_valence,weighted_complete_case
2020,27,0.5676120183451454,0.5427431362735007,0.5954417722101231,lyric_valence,weighted_complete_case
2021,27,0.5755180206452996,0.5492826066864784,0.5970261850953915,lyric_valence,weighted_complete_case
2022,27,0.5987064000549418,0.5713255896203161,0.6228643840655393,lyric_valence,weighted_complete_case
2023,24,0.5561599826683167,0.5382154500536911,0.5788241503650655,lyric_valence,weighted_complete_case
2024,27,0.5941377972370879,0.5634659958331949,0.6243601386043816,lyric_valence,weighted_complete_case
2025,27,0.5788088312876837,0.5527428675071686,0.6054192370329617,lyric_valence,weighted_complete_case
2026,27,0.6168165401993578,0.5835067013931456,0.6638553945286045,lyric_valence,weighted_complete_case
1958,27,0.6662269429537802,0.6448082280687099,0.6885388288840527,lyric_valence,unweighted_complete_case
1959,27,0.6282458363049415,0.6030434544547231,0.6532269659546656,lyric_valence,unweighted_complete_case
1960,26,0.6237088741788381,0.5847927763568214,0.6606644453721694,lyric_valence,unweighted_complete_case
1961,27,0.6179373318206909,0.5914153405038873,0.6452264643044161,lyric_valence,unweighted_complete_case
1962,27,0.6081888687115251,0.5729472939649658,0.6382490802414809,lyric_valence,unweighted_complete_case
1963,27,0.636052554923539,0.6030911595769766,0.6675982418636329,lyric_valence,unweighted_complete_case
1964,27,0.6543257255186022,0.6292407867786528,0.6817192399647481,lyric_valence,unweighted_complete_case
1965,27,0.6369260676180853,0.6176350481478706,0.6557331159249203,lyric_valence,unweighted_complete_case
1966,24,0.6100399620343181,0.5785096843919778,0.6434513645751875,lyric_valence,unweighted_complete_case
1967,26,0.6272129050838806,0.5949170852429925,0.6569963522230257,lyric_valence,unweighted_complete_case
1968,27,0.6346610498562442,0.611376620894573,0.6597954038082954,lyric_valence,unweighted_complete_case
1969,27,0.6504235109033667,0.6223724551486449,0.6778820548462275,lyric_valence,unweighted_complete_case
1970,27,0.631312817613293,0.6001652916510367,0.659913403315504,lyric_valence,unweighted_complete_case
1971,27,0.6485655347576198,0.6269749854182397,0.6726849754500067,lyric_valence,unweighted_complete_case
1972,27,0.639494235503853,0.6157086666996965,0.6608562735144424,lyric_valence,unweighted_complete_case
1973,27,0.6109373723341195,0.5841603969465187,0.6395651770891434,lyric_valence,unweighted_complete_case
1974,25,0.6364032909125489,0.6137720414412463,0.6598589232964691,lyric_valence,unweighted_complete_case
1975,25,0.6151174663905041,0.5898065916760609,0.6359676511902638,lyric_valence,unweighted_complete_case
1976,27,0.6277709089180775,0.6060103433020421,0.6499033182354527,lyric_valence,unweighted_complete_case
1977,25,0.6478301742135933,0.6207986975397939,0.6745768007069619,lyric_valence,unweighted_complete_case
1978,25,0.6377548135495891,0.6222518419957542,0.6550155588107819,lyric_valence,unweighted_complete_case
1979,27,0.6186347562526602,0.5879125003442041,0.6460125294521548,lyric_valence,unweighted_complete_case
1980,26,0.5955299478687645,0.569520017761575,0.6220409921786799,lyric_valence,unweighted_complete_case
1981,27,0.6383123950869006,0.6200114167125876,0.6577798521463912,lyric_valence,unweighted_complete_case
1982,25,0.6351688443094484,0.613563675856783,0.655538002231611,lyric_valence,unweighted_complete_case
1983,26,0.6315130209269413,0.602293420204079,0.6570479788753808,lyric_valence,unweighted_complete_case
1984,27,0.6154813187679221,0.5944506570453197,0.6340765844977043,lyric_valence,unweighted_complete_case
1985,27,0.6061236703762474,0.5847770093156192,0.6307310160937348,lyric_valence,unweighted_complete_case
1986,26,0.6218627435990215,0.5929636795342527,0.6501647413889989,lyric_valence,unweighted_complete_case
1987,27,0.6161050069112961,0.5897410329941168,0.6412655661747487,lyric_valence,unweighted_complete_case
1988,27,0.6340304321909861,0.6121488681572094,0.653548943719849,lyric_valence,unweighted_complete_case
1989,27,0.6233111664363649,0.6023729997846663,0.6437534719208476,lyric_valence,unweighted_complete_case
1990,27,0.6220935009000299,0.6004437335998127,0.6439216703811413,lyric_valence,unweighted_complete_case
1991,27,0.6485988199301225,0.6179890157097946,0.6804369254475567,lyric_valence,unweighted_complete_case
1992,27,0.6328147810344597,0.6088540773538463,0.6555820555369108,lyric_valence,unweighted_complete_case
1993,26,0.6248428994913209,0.6001190605458558,0.6484912924100192,lyric_valence,unweighted_complete_case
1994,26,0.6399641416025167,0.61033813584638,0.6694424167742931,lyric_valence,unweighted_complete_case
1995,27,0.6273321223767014,0.5891356609718863,0.6651172804594448,lyric_valence,unweighted_complete_case
1996,27,0.6107546640738943,0.5838744012940951,0.6372467407168878,lyric_valence,unweighted_complete_case
1997,26,0.6385842234899054,0.6158142639551459,0.6590086609536017,lyric_valence,unweighted_complete_case
1998,27,0.6264885931275406,0.603209967099648,0.6528354900628276,lyric_valence,unweighted_complete_case
1999,27,0.6247288935301818,0.6011069747386097,0.6473431459359652,lyric_valence,unweighted_complete_case
2000,26,0.6190000250059146,0.5986655177975647,0.6411687810655446,lyric_valence,unweighted_complete_case
2001,26,0.6181882474399069,0.5981313882104133,0.639317783929246,lyric_valence,unweighted_complete_case
2002,26,0.6032199350512912,0.5807574910494626,0.6246311668363618,lyric_valence,unweighted_complete_case
2003,27,0.5958511937512042,0.5684395599497355,0.6238023321331595,lyric_valence,unweighted_complete_case
2004,27,0.5946771486041045,0.5759252687870008,0.614187851994273,lyric_valence,unweighted_complete_case
2005,27,0.6000774311798585,0.5803496505135939,0.6204364228428049,lyric_valence,unweighted_complete_case
2006,27,0.6122687696339386,0.5909720547613094,0.6323760691882963,lyric_valence,unweighted_complete_case
2007,27,0.6055519164707283,0.5831826952762716,0.6243214892711783,lyric_valence,unweighted_complete_case
2008,26,0.6016802499507596,0.577343702911328,0.6237552347028426,lyric_valence,unweighted_complete_case
2009,27,0.6017509725006823,0.5835521234520263,0.6194513178130264,lyric_valence,unweighted_complete_case
2010,26,0.5968059562977334,0.5811757180645606,0.6122054849126165,lyric_valence,unweighted_complete_case
2011,27,0.59143259538653,0.5634959243031216,0.6172964678620969,lyric_valence,unweighted_complete_case
2012,27,0.5853852850298799,0.5598485564998938,0.6083612478311908,lyric_valence,unweighted_complete_case
2013,26,0.5993776669854316,0.5716930737151128,0.625521560164863,lyric_valence,unweighted_complete_case
2014,26,0.5858242362658298,0.5593664211296919,0.6102115150422935,lyric_valence,unweighted_complete_case
2015,26,0.6172627951262429,0.5969257139086136,0.6379685324853744,lyric_valence,unweighted_complete_case
2016,27,0.5872537878953454,0.5587904865480204,0.6115712539223641,lyric_valence,unweighted_complete_case
2017,27,0.5926088838378765,0.572952645674539,0.6127396385202464,lyric_valence,unweighted_complete_case
2018,27,0.5910606972017577,0.5688426730961362,0.6145602831285236,lyric_valence,unweighted_complete_case
2019,25,0.5893145041222979,0.5614193449918403,0.6139978796971941,lyric_valence,unweighted_complete_case
2020,27,0.5843461507086896,0.5681101627318678,0.6003108955371979,lyric_valence,unweighted_complete_case
2021,27,0.5751730257951307,0.5589924848791269,0.5900104762082583,lyric_valence,unweighted_complete_case
2022,27,0.5961740197767011,0.5756466046209381,0.6167896315719076,lyric_valence,unweighted_complete_case
2023,24,0.5726206169723423,0.5476604292310241,0.5933353499481738,lyric_valence,unweighted_complete_case
2024,27,0.5863447613381487,0.5695818681647251,0.603845121607645,lyric_valence,unweighted_complete_case
2025,27,0.5738461558165928,0.5524720930905904,0.5930229383836311,lyric_valence,unweighted_complete_case
2026,27,0.5917648290545691,0.5650408408625873,0.6181943635920404,lyric_valence,unweighted_complete_case
1958,28,0.01074288958338794,0.004652319182795466,0.02186930705737418,lyric_sadness,weighted_all
1959,35,0.025399929359052845,0.014107478575078323,0.04293250711410722,lyric_sadness,weighted_all
1960,58,0.019100777750185063,0.009727551469240132,0.03301020612602788,lyric_sadness,weighted_all
1961,51,0.02683186752490716,0.01648534738936542,0.03980788059690773,lyric_sadness,weighted_all
1962,38,0.031375671290458595,0.014537727576963162,0.05828012575472217,lyric_sadness,weighted_all
1963,55,0.03095577642085981,0.015404595404920965,0.05010587497164503,lyric_sadness,weighted_all
1964,67,0.021679814517524407,0.01550565657382922,0.02840385482470093,lyric_sadness,weighted_all
1965,59,0.022908477483621258,0.01740990083559353,0.028072973390425294,lyric_sadness,weighted_all
1966,65,0.031166530846076616,0.019079608207088605,0.04550311617146949,lyric_sadness,weighted_all
1967,54,0.01832277604063352,0.011488298404469537,0.027051818639652947,lyric_sadness,weighted_all
1968,61,0.021236178954251415,0.012659368392896142,0.03342248096654139,lyric_sadness,weighted_all
1969,54,0.018092066598703948,0.012044689397501005,0.024719754024552204,lyric_sadness,weighted_all
1970,57,0.01980222622686634,0.015015216201286393,0.02506327195490342,lyric_sadness,weighted_all
1971,54,0.018919131083008273,0.012537661894432396,0.026637141258212062,lyric_sadness,weighted_all
1972,56,0.012584457938188765,0.00812609229815724,0.017324811571468562,lyric_sadness,weighted_all
1973,48,0.018721673328506192,0.012174455815554512,0.026931662583051463,lyric_sadness,weighted_all
1974,40,0.015872967115130057,0.010509635415889314,0.023167768383702086,lyric_sadness,weighted_all
1975,47,0.025943160299444927,0.015455160904799724,0.039921131172784764,lyric_sadness,weighted_all
1976,30,0.017093057908616455,0.010070682026079615,0.026027434284715746,lyric_sadness,weighted_all
1977,39,0.019978301944287815,0.011053381213892632,0.029693333092381147,lyric_sadness,weighted_all
1978,38,0.022235317138153462,0.014325594528179204,0.031598664824398576,lyric_sadness,weighted_all
1979,35,0.029091166208329963,0.018470747966302426,0.04175484575480986,lyric_sadness,weighted_all
1980,39,0.017129119785267957,0.011589123067755561,0.023670957121340912,lyric_sadness,weighted_all
1981,45,0.016777897765750102,0.013531357879114022,0.020351578621879376,lyric_sadness,weighted_all
1982,45,0.025116968321122125,0.01626431499968333,0.036061959403648695,lyric_sadness,weighted_all
1983,38,0.0139017117645576,0.0092511252512754,0.01920609345771248,lyric_sadness,weighted_all
1984,44,0.014472536511970417,0.009501803009922613,0.021513238267643436,lyric_sadness,weighted_all
1985,38,0.023092544815092975,0.015653970854573214,0.03210019032568002,lyric_sadness,weighted_all
1986,31,0.02752884173961774,0.01343890657139227,0.05043111441736979,lyric_sadness,weighted_all
1987,30,0.01855724103882235,0.007519317718687085,0.038165996982848956,lyric_sadness,weighted_all
1988,37,0.02025937734548777,0.012730538726764941,0.02896258710745105,lyric_sadness,weighted_all
1989,29,0.013431568730900886,0.00963012178034773,0.017774335249831633,lyric_sadness,weighted_all
1990,41,0.018272685633956447,0.012798834997251943,0.025455575881375064,lyric_sadness,weighted_all
1991,27,0.009953619027683694,0.006378458185616462,0.013751357113638804,lyric_sadness,weighted_all
1992,33,0.01605249862659429,0.008487597447446562,0.02623879573653568,lyric_sadness,weighted_all
1993,35,0.017396199901182602,0.012051526441541682,0.024440560509383633,lyric_sadness,weighted_all
1994,50,0.011205616721864752,0.0079339764225011,0.015044006161677496,lyric_sadness,weighted_all
1995,37,0.014295493063314995,0.007416267186822704,0.024510503678412045,lyric_sadness,weighted_all
1996,36,0.024618357617221608,0.01464553424009203,0.037839708892558256,lyric_sadness,weighted_all
1997,38,0.015499093858317162,0.01075092582432417,0.021989731977868524,lyric_sadness,weighted_all
1998,33,0.01346328363211385,0.009184823471114727,0.01807601063339939,lyric_sadness,weighted_all
1999,48,0.013245460546208015,0.009326967765722376,0.017613064331489698,lyric_sadness,weighted_all
2000,41,0.011822378673556878,0.00743321139496106,0.017593823285185665,lyric_sadness,weighted_all
2001,38,0.014634062682831123,0.00991790713851295,0.02032839140541574,lyric_sadness,weighted_all
2002,32,0.01662192500822316,0.013478096918234633,0.0196931436734862,lyric_sadness,weighted_all
2003,38,0.018179406650418825,0.012541782156452328,0.024033908894350847,lyric_sadness,weighted_all
2004,32,0.0138674873712932,0.008447249426461837,0.022430702219087346,lyric_sadness,weighted_all
2005,44,0.01689125455613902,0.0106691107972843,0.023124987225889813,lyric_sadness,weighted_all
2006,38,0.015010202190575134,0.00726178889796233,0.028106734676078025,lyric_sadness,weighted_all
2007,42,0.025864750470605897,0.011493472490073623,0.045841091581809455,lyric_sadness,weighted_all
2008,50,0.02107969967304867,0.013169069564080885,0.0311131495797824,lyric_sadness,weighted_all
2009,58,0.022335073930798335,0.010950279614991402,0.03748473091697898,lyric_sadness,weighted_all
2010,65,0.012363021109489598,0.009086895345401335,0.01605863748294974,lyric_sadness,weighted_all
2011,68,0.020061984942019544,0.01222849859553062,0.02920975506761265,lyric_sadness,weighted_all
2012,48,0.018823068545845336,0.015364237381100071,0.023414460018499374,lyric_sadness,weighted_all
2013,59,0.01749530323387543,0.011723428704871522,0.024379710885740605,lyric_sadness,weighted_all
2014,53,0.02338005680374542,0.015865259555027766,0.031028652835597584,lyric_sadness,weighted_all
2015,63,0.015649445933562375,0.01183487843706876,0.020149415219613002,lyric_sadness,weighted_all
2016,52,0.021302954576616528,0.015578145184656613,0.027638416905005153,lyric_sadness,weighted_all
2017,45,0.02207156006745007,0.012506701516222726,0.033146499426245625,lyric_sadness,weighted_all
2018,79,0.023056708007306005,0.015098467461252917,0.031397629585634995,lyric_sadness,weighted_all
2019,66,0.025252028469144688,0.014053127089014138,0.039700015694559686,lyric_sadness,weighted_all
2020,76,0.03204296074944998,0.018166555382764425,0.052799456014168404,lyric_sadness,weighted_all
2021,86,0.027223170794220014,0.017162079855231077,0.03572369640863577,lyric_sadness,weighted_all
2022,79,0.02054661355887816,0.016649038816071705,0.024260371952527046,lyric_sadness,weighted_all
2023,82,0.023093324440372702,0.014594789680050398,0.029270879296188306,lyric_sadness,weighted_all
2024,81,0.021442784463806302,0.015427453919224269,0.026863934161809728,lyric_sadness,weighted_all
2025,74,0.019704676097170203,0.013650755222326262,0.027957495581154942,lyric_sadness,weighted_all
2026,57,0.019875997115810527,0.010969356451091126,0.03168951950292912,lyric_sadness,weighted_all
1958,28,0.019216360507746003,0.008762079436314442,0.030740960925610086,lyric_sadness,unweighted_all
1959,35,0.026433130681729793,0.016569768219947233,0.03990667550532693,lyric_sadness,unweighted_all
1960,58,0.027178528249319225,0.017375028346105836,0.0387221732494209,lyric_sadness,unweighted_all
1961,51,0.022094581435851093,0.01577417333577002,0.02945875392948968,lyric_sadness,unweighted_all
1962,38,0.026415433663683825,0.015248654478268628,0.04048491154957708,lyric_sadness,unweighted_all
1963,55,0.026101882262646505,0.01689119431481486,0.03765943384744112,lyric_sadness,unweighted_all
1964,67,0.020689417530435846,0.01565760788272909,0.02672406208537204,lyric_sadness,unweighted_all
1965,59,0.022881653801468397,0.017530498858961477,0.02864701790993624,lyric_sadness,unweighted_all
1966,65,0.027751399864057516,0.0198194012157265,0.03708117024128357,lyric_sadness,unweighted_all
1967,54,0.021649547145209818,0.014764613980868896,0.029524088341985832,lyric_sadness,unweighted_all
1968,61,0.020462101521941313,0.014496059952604137,0.028485081802624886,lyric_sadness,unweighted_all
1969,54,0.015787739609137506,0.011905292834949977,0.020468236753413985,lyric_sadness,unweighted_all
1970,57,0.018470793311893406,0.014018581334589426,0.023397218279354683,lyric_sadness,unweighted_all
1971,54,0.020605139894554272,0.014853649673742517,0.027372196925694082,lyric_sadness,unweighted_all
1972,56,0.013090285570105874,0.009798512767525828,0.016589485379149404,lyric_sadness,unweighted_all
1973,48,0.022036073990921657,0.01593123265756863,0.029506346845903725,lyric_sadness,unweighted_all
1974,40,0.018816620652573675,0.013345626161078306,0.025034293942961063,lyric_sadness,unweighted_all
1975,47,0.02190225659446921,0.015568968495494304,0.029666402366340723,lyric_sadness,unweighted_all
1976,30,0.017070438791554964,0.010610487875825959,0.025915892694755464,lyric_sadness,unweighted_all
1977,39,0.018551981338367274,0.013547427696698719,0.02509264169187114,lyric_sadness,unweighted_all
1978,38,0.020482557359700632,0.014405156011128956,0.028456892091570044,lyric_sadness,unweighted_all
1979,35,0.02663223682998176,0.01796902112786618,0.03810907263498434,lyric_sadness,unweighted_all
1980,39,0.017632149526634132,0.012128596247175726,0.02555587829535048,lyric_sadness,unweighted_all
1981,45,0.01877481277335496,0.014879937867466272,0.024373966741341825,lyric_sadness,unweighted_all
1982,45,0.02565347695779029,0.018104785888745784,0.03528995151697241,lyric_sadness,unweighted_all
1983,38,0.019609481674890256,0.013001569774658736,0.02805974559957567,lyric_sadness,unweighted_all
1984,44,0.014898536725578004,0.01070467602686378,0.019881450509460434,lyric_sadness,unweighted_all
1985,38,0.021366950411402373,0.01502699130770959,0.02857990360344372,lyric_sadness,unweighted_all
1986,31,0.02193772089225389,0.012238110384788876,0.03506484040547471,lyric_sadness,unweighted_all
1987,30,0.018894067168679914,0.010236498998834335,0.030509145825888307,lyric_sadness,unweighted_all
1988,37,0.020883463784873834,0.014847191491759624,0.02781225177118403,lyric_sadness,unweighted_all
1989,29,0.01672167165609914,0.011913867476979999,0.022301558464949602,lyric_sadness,unweighted_all
1990,41,0.021100728980303667,0.013985381759114195,0.030928298734684907,lyric_sadness,unweighted_all
1991,27,0.010756759667455575,0.007272340773325715,0.01433240927690188,lyric_sadness,unweighted_all
1992,33,0.01542989920400703,0.010425522962868593,0.021210558295864244,lyric_sadness,unweighted_all
1993,35,0.017711311430063624,0.013308624345266274,0.023238494531916638,lyric_sadness,unweighted_all
1994,50,0.012333636513294787,0.009692082520860866,0.015133420289847627,lyric_sadness,unweighted_all
1995,37,0.016996354941647872,0.008978877482558175,0.02784146842277187,lyric_sadness,unweighted_all
1996,36,0.024000592963976778,0.015308917140335478,0.03550146048468242,lyric_sadness,unweighted_all
1997,38,0.014068841200354587,0.010855796878674674,0.018245640642771656,lyric_sadness,unweighted_all
1998,33,0.018508064118920302,0.012863307550186023,0.02513401877190522,lyric_sadness,unweighted_all
1999,48,0.014582082997872198,0.011496264262115514,0.017777083750808644,lyric_sadness,unweighted_all
2000,41,0.01729903015931166,0.012898524026534422,0.02217125827526578,lyric_sadness,unweighted_all
2001,38,0.01748089475393637,0.013007878883160753,0.022713281925685346,lyric_sadness,unweighted_all
2002,32,0.017170804718766593,0.013415430308846617,0.02117613639924223,lyric_sadness,unweighted_all
2003,38,0.015602764286432919,0.012035606942843464,0.019198503294611185,lyric_sadness,unweighted_all
2004,32,0.017421198404646218,0.011635353661719923,0.024503616239758854,lyric_sadness,unweighted_all
2005,44,0.019587221019177144,0.014315374205452524,0.025808880380612208,lyric_sadness,unweighted_all
2006,38,0.012920453937153045,0.008430740205592537,0.017868018208916373,lyric_sadness,unweighted_all
2007,42,0.018480862812658125,0.012941207602842187,0.02477634899326533,lyric_sadness,unweighted_all
2008,50,0.02167538499930889,0.016789923531082548,0.026539248091077574,lyric_sadness,unweighted_all
2009,58,0.018560178625546958,0.012845552888913508,0.02603563398105879,lyric_sadness,unweighted_all
2010,65,0.01795423605838819,0.013457034545439017,0.023227481752485794,lyric_sadness,unweighted_all
2011,68,0.01493825211029091,0.011327058209116805,0.018879228722361883,lyric_sadness,unweighted_all
2012,48,0.026173694089783994,0.01969520200421191,0.03348937854364341,lyric_sadness,unweighted_all
2013,59,0.018995194254402808,0.014005981766830808,0.024951007040905387,lyric_sadness,unweighted_all
2014,53,0.023143467206196068,0.017665399966788328,0.029856793640031454,lyric_sadness,unweighted_all
2015,63,0.01867440295193834,0.014944114667465628,0.02249717284912971,lyric_sadness,unweighted_all
2016,52,0.01813021454613521,0.014643872465540074,0.021893092491309992,lyric_sadness,unweighted_all
2017,45,0.022292744271610838,0.01668737133521089,0.029176736405839298,lyric_sadness,unweighted_all
2018,79,0.02318766042970438,0.01886115497893806,0.02747450425083723,lyric_sadness,unweighted_all
2019,66,0.025483782929057945,0.020618893023647215,0.031228406281675797,lyric_sadness,unweighted_all
2020,76,0.022797870465967807,0.01783072627320109,0.028921814046422942,lyric_sadness,unweighted_all
2021,86,0.020031823833524146,0.017001547755101255,0.023174326888421432,lyric_sadness,unweighted_all
2022,79,0.021066751491651402,0.01764146225004862,0.02527200786685485,lyric_sadness,unweighted_all
2023,82,0.01930979847357117,0.015851194913552243,0.022459872810133997,lyric_sadness,unweighted_all
2024,81,0.022088395167335313,0.019328422260132986,0.02512458846202446,lyric_sadness,unweighted_all
2025,74,0.01852353376888563,0.015133395512834684,0.022379397371715973,lyric_sadness,unweighted_all
2026,57,0.020134855126065963,0.015747998579890298,0.02530135904999001,lyric_sadness,unweighted_all
1958,27,0.010742515546272698,0.004398017343683671,0.02240535432820258,lyric_sadness,weighted_complete_case
1959,27,0.025292928376488916,0.013685255323069127,0.041511581906463924,lyric_sadness,weighted_complete_case
1960,26,0.016613935071827225,0.007193013766467526,0.033204636838606486,lyric_sadness,weighted_complete_case
1961,27,0.02838959456286381,0.015697109087904896,0.042773130925267716,lyric_sadness,weighted_complete_case
1962,27,0.03155779501644221,0.013538685512489665,0.05759551982550895,lyric_sadness,weighted_complete_case
1963,27,0.03114056530744767,0.012751636312299412,0.056156128112572284,lyric_sadness,weighted_complete_case
1964,27,0.020729450748506333,0.013602851510765393,0.02883800096133251,lyric_sadness,weighted_complete_case
1965,27,0.02341249084675163,0.01682586230531667,0.030096261690285682,lyric_sadness,weighted_complete_case
1966,24,0.03080356831205481,0.013799500306886958,0.05218871035482074,lyric_sadness,weighted_complete_case
1967,26,0.0185978152900864,0.010464630484891695,0.02972655723039569,lyric_sadness,weighted_complete_case
1968,27,0.02259824006035584,0.012788630420095934,0.03792475131262241,lyric_sadness,weighted_complete_case
1969,27,0.018698612901426742,0.011749135501579706,0.026013244845369272,lyric_sadness,weighted_complete_case
1970,27,0.0209252515420954,0.015269506624790518,0.02664175349212239,lyric_sadness,weighted_complete_case
1971,27,0.01825177566120934,0.011590260955659189,0.026303307727795315,lyric_sadness,weighted_complete_case
1972,27,0.01257308912934652,0.007406371924572934,0.018767286156818854,lyric_sadness,weighted_complete_case
1973,27,0.01916153149723219,0.012196002808335864,0.027048650330219325,lyric_sadness,weighted_complete_case
1974,25,0.015499668171901496,0.009912285421989332,0.02290705012494196,lyric_sadness,weighted_complete_case
1975,25,0.026450615514787158,0.015443455460999055,0.04009218643668746,lyric_sadness,weighted_complete_case
1976,27,0.017083130280770607,0.010211692507119719,0.025886280604486524,lyric_sadness,weighted_complete_case
1977,25,0.020440190157134407,0.011973556333136624,0.030493139075379667,lyric_sadness,weighted_complete_case
1978,25,0.02261338057351455,0.014280827167040449,0.03271485038258146,lyric_sadness,weighted_complete_case
1979,27,0.029257166733681058,0.01834689099863422,0.041854466048025014,lyric_sadness,weighted_complete_case
1980,26,0.0173657324936195,0.011703320504192198,0.02411089825832207,lyric_sadness,weighted_complete_case
1981,27,0.016233078731228152,0.013174621308901261,0.019909308857151475,lyric_sadness,weighted_complete_case
1982,25,0.025995159896842923,0.01532733483613973,0.0403432458612162,lyric_sadness,weighted_complete_case
1983,26,0.013252756566522252,0.008720461264340614,0.018712115281030214,lyric_sadness,weighted_complete_case
1984,27,0.014118884467062382,0.008886889871724792,0.021947671783294015,lyric_sadness,weighted_complete_case
1985,27,0.02315023713098547,0.015036430772177803,0.03245041299509202,lyric_sadness,weighted_complete_case
1986,26,0.027743412114609043,0.013262476150957731,0.04978516907379979,lyric_sadness,weighted_complete_case
1987,27,0.018619725150816002,0.007558213735221386,0.040095154883642355,lyric_sadness,weighted_complete_case
1988,27,0.020790042892700186,0.012932355405479705,0.029636152495802787,lyric_sadness,weighted_complete_case
1989,27,0.013366834332396825,0.009388281403466649,0.01753177318577077,lyric_sadness,weighted_complete_case
1990,27,0.018467642621292316,0.012240304677329446,0.026228305197494618,lyric_sadness,weighted_complete_case
1991,27,0.009953619027683696,0.0065655423126502865,0.013575319104155605,lyric_sadness,weighted_complete_case
1992,27,0.01612982931908637,0.009173467682136062,0.025091562157798453,lyric_sadness,weighted_complete_case
1993,26,0.01765167174931573,0.011872102780151059,0.02512584014576566,lyric_sadness,weighted_complete_case
1994,26,0.01060993568029155,0.00746192418251798,0.014435684045093393,lyric_sadness,weighted_complete_case
1995,27,0.014362264174792036,0.007549285483181607,0.02459922362231836,lyric_sadness,weighted_complete_case
1996,27,0.02473319169016028,0.013255242542394583,0.037824390127480415,lyric_sadness,weighted_complete_case
1997,26,0.015253694821298975,0.010371531282215395,0.021876345182931516,lyric_sadness,weighted_complete_case
1998,27,0.01303826197889733,0.008534688183736863,0.01802579366039783,lyric_sadness,weighted_complete_case
1999,27,0.013044715139312636,0.008802516737860323,0.018144069830197614,lyric_sadness,weighted_complete_case
2000,26,0.01096376570023215,0.0069477913697529,0.017009749137093536,lyric_sadness,weighted_complete_case
2001,26,0.01402321839055322,0.00898175386215595,0.020439294886390208,lyric_sadness,weighted_complete_case
2002,26,0.016644613569121464,0.013228229270337401,0.019817922786830776,lyric_sadness,weighted_complete_case
2003,27,0.018569462103487602,0.01232216514712495,0.02481025706000282,lyric_sadness,weighted_complete_case
2004,27,0.013696509253568408,0.008497333330731792,0.02226724505247917,lyric_sadness,weighted_complete_case
2005,27,0.017007885168445907,0.010354790472437115,0.024133876816871656,lyric_sadness,weighted_complete_case
2006,27,0.015040212489929419,0.00721164871940691,0.027595536604088255,lyric_sadness,weighted_complete_case
2007,27,0.026126571537428905,0.011569003930476668,0.04642177310853235,lyric_sadness,weighted_complete_case
2008,26,0.02051329290744873,0.012579924528073034,0.030676012758387876,lyric_sadness,weighted_complete_case
2009,27,0.022941251126773154,0.010651478600517112,0.040132954131421754,lyric_sadness,weighted_complete_case
2010,26,0.011960161112607209,0.008638118573430897,0.01615133594784491,lyric_sadness,weighted_complete_case
2011,27,0.02056406899341648,0.012473328810954452,0.029892762541969563,lyric_sadness,weighted_complete_case
2012,27,0.017302088541612123,0.014282500675804404,0.020882204591472463,lyric_sadness,weighted_complete_case
2013,26,0.016937537313939807,0.010227069214848658,0.024028702678223077,lyric_sadness,weighted_complete_case
2014,26,0.023771670170883455,0.01576483653228688,0.03191036253343882,lyric_sadness,weighted_complete_case
2015,26,0.015835100482229667,0.011798100620691374,0.02129879494868661,lyric_sadness,weighted_complete_case
2016,27,0.021352246932307525,0.014758960056315903,0.02752043499642578,lyric_sadness,weighted_complete_case
2017,27,0.022075891189375377,0.013383680854445844,0.032455321391274064,lyric_sadness,weighted_complete_case
2018,27,0.023195315218526528,0.014509973903783181,0.03375104416595571,lyric_sadness,weighted_complete_case
2019,25,0.024992075546215523,0.012840927119395388,0.04124186495362112,lyric_sadness,weighted_complete_case
2020,27,0.032994925164247936,0.016803503490952422,0.05491557505864133,lyric_sadness,weighted_complete_case
2021,27,0.0278427349114113,0.017385703553845094,0.03723095865715194,lyric_sadness,weighted_complete_case
2022,27,0.020389476564520576,0.01584475245856214,0.024393253929343835,lyric_sadness,weighted_complete_case
2023,24,0.023407597216469338,0.013973947478269709,0.03007681178004616,lyric_sadness,weighted_complete_case
2024,27,0.021212243310356864,0.015436981659608683,0.028027300456043597,lyric_sadness,weighted_complete_case
2025,27,0.020290516249368156,0.014069987664672729,0.028775154168084658,lyric_sadness,weighted_complete_case
2026,27,0.019968479153069738,0.010165594705762157,0.03371818879088606,lyric_sadness,weighted_complete_case
1958,27,0.019474562824359422,0.009134788553375114,0.0330729480005252,lyric_sadness,unweighted_complete_case
1959,27,0.023507964549809707,0.012474280525727388,0.038746564502577296,lyric_sadness,unweighted_complete_case
1960,26,0.02573649115788639,0.009887371838890009,0.045321365479256075,lyric_sadness,unweighted_complete_case
1961,27,0.026392995997717144,0.01716212246252406,0.037741948031110466,lyric_sadness,unweighted_complete_case
1962,27,0.03177452908262376,0.017357714474097206,0.050114909463789416,lyric_sadness,unweighted_complete_case
1963,27,0.02983003341114041,0.012360590104066992,0.04952239910701735,lyric_sadness,unweighted_complete_case
1964,27,0.022249189670386898,0.014127960804490913,0.03148371440045274,lyric_sadness,unweighted_complete_case
1965,27,0.02305666223676727,0.01572111318734006,0.03250855420030396,lyric_sadness,unweighted_complete_case
1966,24,0.02842227911944796,0.014605945742447592,0.04834260271861352,lyric_sadness,unweighted_complete_case
1967,26,0.02110586711412172,0.011413927655614753,0.03411642990776003,lyric_sadness,unweighted_complete_case
1968,27,0.021677536654752024,0.012204922964677407,0.03540318242435509,lyric_sadness,unweighted_complete_case
1969,27,0.018028919807270765,0.011557802727861518,0.0250659488751804,lyric_sadness,unweighted_complete_case
1970,27,0.01910342493000127,0.01367759712096524,0.02473913848330853,lyric_sadness,unweighted_complete_case
1971,27,0.02179216791932586,0.013313907935352542,0.032162199068703476,lyric_sadness,unweighted_complete_case
1972,27,0.01204990752059737,0.007701101236995894,0.016942344399093045,lyric_sadness,unweighted_complete_case
1973,27,0.025881762063692616,0.01587204298729499,0.03690524541752492,lyric_sadness,unweighted_complete_case
1974,25,0.016887804321239323,0.010828890309213975,0.02427309379476307,lyric_sadness,unweighted_complete_case
1975,25,0.02499164393413668,0.01359578273392379,0.03779406098448936,lyric_sadness,unweighted_complete_case
1976,27,0.01677004736279298,0.009806070662570027,0.026269784310357557,lyric_sadness,unweighted_complete_case
1977,25,0.01984633819644284,0.012708663959943868,0.028154904863391263,lyric_sadness,unweighted_complete_case
1978,25,0.022439912265722232,0.014097464032395243,0.03203857157994524,lyric_sadness,unweighted_complete_case
1979,27,0.027389654687022987,0.015860877554722867,0.04031818579458981,lyric_sadness,unweighted_complete_case
1980,26,0.019512227417505114,0.011844240888775531,0.03036855962160719,lyric_sadness,unweighted_complete_case
1981,27,0.016350146099931663,0.013144565951937614,0.019556777276596635,lyric_sadness,unweighted_complete_case
1982,25,0.02903279528452145,0.01811990298530271,0.04323717586742168,lyric_sadness,unweighted_complete_case
1983,26,0.013747573651855907,0.009379418033609617,0.01835154616968334,lyric_sadness,unweighted_complete_case
1984,27,0.014458456720644485,0.009212348804362634,0.021069790270314817,lyric_sadness,unweighted_complete_case
1985,27,0.022292530469464403,0.015412221690131397,0.031018379603419455,lyric_sadness,unweighted_complete_case
1986,26,0.023793423336638288,0.012658658585545771,0.039601007129954874,lyric_sadness,unweighted_complete_case
1987,27,0.020578040349790855,0.011516670975918429,0.03268686244584252,lyric_sadness,unweighted_complete_case
1988,27,0.021580122923735373,0.014319558460066965,0.030896872729933477,lyric_sadness,unweighted_complete_case
1989,27,0.014612260911536746,0.010283032404679095,0.0194679977266225,lyric_sadness,unweighted_complete_case
1990,27,0.022091373059961405,0.01280861414302991,0.03570552831313824,lyric_sadness,unweighted_complete_case
1991,27,0.010756759667455575,0.007615182500421392,0.014436970427387502,lyric_sadness,unweighted_complete_case
1992,27,0.015425695910291222,0.010356115379282922,0.021191176696461683,lyric_sadness,unweighted_complete_case
1993,26,0.01872714239010872,0.012742675159911688,0.025612969770610915,lyric_sadness,unweighted_complete_case
1994,26,0.01260287417183964,0.008928832719636388,0.016589910607257834,lyric_sadness,unweighted_complete_case
1995,27,0.017909838895663947,0.008023264087348313,0.033118503930867654,lyric_sadness,unweighted_complete_case
1996,27,0.025649206536764325,0.015654153181673496,0.039119896918915674,lyric_sadness,unweighted_complete_case
1997,26,0.012958767598267217,0.008504920544129787,0.017682330312404595,lyric_sadness,unweighted_complete_case
1998,27,0.01397212913277101,0.00935935162556514,0.019303397354423664,lyric_sadness,unweighted_complete_case
1999,27,0.014388872960589084,0.010012490120439074,0.0195225391446446,lyric_sadness,unweighted_complete_case
2000,26,0.015051568982420532,0.009907526861769045,0.02089665840688493,lyric_sadness,unweighted_complete_case
2001,26,0.015245283300133668,0.009708242742345087,0.022622863131877027,lyric_sadness,unweighted_complete_case
2002,26,0.01642924004485015,0.012342304097134804,0.02059959409201063,lyric_sadness,unweighted_complete_case
2003,27,0.01677410240094008,0.01185347249520234,0.021888250332902447,lyric_sadness,unweighted_complete_case
2004,27,0.016690144500156462,0.010324458844654778,0.024570073902221795,lyric_sadness,unweighted_complete_case
2005,27,0.016813000357128634,0.012315934067585133,0.02190766291213898,lyric_sadness,unweighted_complete_case
2006,27,0.013392286932643842,0.007942379011055928,0.02088739103068498,lyric_sadness,unweighted_complete_case
2007,27,0.019118048140590323,0.012113093455094929,0.02783038896335865,lyric_sadness,unweighted_complete_case
2008,26,0.018573354255150804,0.012604673837694163,0.024821766420339047,lyric_sadness,unweighted_complete_case
2009,27,0.019288665887581203,0.011247627675639024,0.03128704877920961,lyric_sadness,unweighted_complete_case
2010,26,0.011874954256715854,0.008845476129131863,0.015134821401600327,lyric_sadness,unweighted_complete_case
2011,27,0.017543708071398947,0.010914435923645913,0.025640905920931486,lyric_sadness,unweighted_complete_case
2012,27,0.018670241974573815,0.014825455022640174,0.022795749363213918,lyric_sadness,unweighted_complete_case
2013,26,0.016198973617480687,0.009983498780801814,0.024167044816655436,lyric_sadness,unweighted_complete_case
2014,26,0.021375455230269604,0.01525049832884352,0.0281984685382233,lyric_sadness,unweighted_complete_case
2015,26,0.019033533318598188,0.013917418760157894,0.02457506814340672,lyric_sadness,unweighted_complete_case
2016,27,0.018049385656510968,0.012857436321265124,0.023353887513409534,lyric_sadness,unweighted_complete_case
2017,27,0.0220420290289826,0.015505491793368947,0.028959062878941524,lyric_sadness,unweighted_complete_case
2018,27,0.02418078520487017,0.017194354792378266,0.033892570098064706,lyric_sadness,unweighted_complete_case
2019,25,0.026312483844155715,0.016253039497208143,0.03959777328833911,lyric_sadness,unweighted_complete_case
2020,27,0.023767731528984575,0.015257862646086709,0.035519979703630314,lyric_sadness,unweighted_complete_case
2021,27,0.02190701462429758,0.014934605522244102,0.0287582712577782,lyric_sadness,unweighted_complete_case
2022,27,0.01999905965187722,0.015432011770657904,0.024822230179691842,lyric_sadness,unweighted_complete_case
2023,24,0.019468161797202694,0.014973864463670859,0.02462257075789552,lyric_sadness,unweighted_complete_case
2024,27,0.019925261194237404,0.015593065459671712,0.024840154871659376,lyric_sadness,unweighted_complete_case
2025,27,0.022284704081333873,0.014939007328708122,0.029795562356781824,lyric_sadness,unweighted_complete_case
2026,27,0.021874711948320497,0.014652447774796053,0.031490482346567455,lyric_sadness,unweighted_complete_case
1958,28,0.039374489654320825,0.023030379907997285,0.06260739694489234,lyric_joy,weighted_all
1959,35,0.04139786033032733,0.029738649343793465,0.055822257755923116,lyric_joy,weighted_all
1960,58,0.05309216062327422,0.04314822388534177,0.066163975936694,lyric_joy,weighted_all
1961,51,0.03564588576103769,0.02709873810052695,0.04658903214475245,lyric_joy,weighted_all
1962,38,0.039450119416279184,0.02818189239624199,0.054392922445275466,lyric_joy,weighted_all
1963,55,0.05112968645847283,0.04002239596093631,0.06425925184016051,lyric_joy,weighted_all
1964,67,0.0804009519966128,0.051997654489950786,0.11597210841834603,lyric_joy,weighted_all
1965,59,0.06118840778014204,0.050549239720053735,0.06976905515240245,lyric_joy,weighted_all
1966,65,0.049774604461465914,0.035305863991423256,0.06500118675295466,lyric_joy,weighted_all
1967,54,0.05927579313183,0.042026479440296596,0.07810293517899194,lyric_joy,weighted_all
1968,61,0.054820240302605946,0.04202674896670453,0.0679688531098565,lyric_joy,weighted_all
1969,54,0.05918163012167735,0.042032005517843064,0.07662530476641641,lyric_joy,weighted_all
1970,57,0.04813920150464177,0.0353948860164436,0.06289975146522779,lyric_joy,weighted_all
1971,54,0.04429993678190324,0.03388181834587177,0.054379581910737926,lyric_joy,weighted_all
1972,56,0.04932766600361264,0.03586776468689303,0.06636824938061836,lyric_joy,weighted_all
1973,48,0.04003655120773571,0.026116753593544886,0.055233883447403334,lyric_joy,weighted_all
1974,40,0.06328201480877862,0.041784277944040875,0.09264408574716794,lyric_joy,weighted_all
1975,47,0.04108043141092774,0.028304590561966454,0.0573492514730163,lyric_joy,weighted_all
1976,30,0.03774925581837625,0.023180688709111746,0.056306523383910186,lyric_joy,weighted_all
1977,39,0.05494882265769354,0.04352926498076161,0.068800189850487,lyric_joy,weighted_all
1978,38,0.043819329119533866,0.030339127475204234,0.05923108710576034,lyric_joy,weighted_all
1979,35,0.0603146594269731,0.03804211287173414,0.08306292783271388,lyric_joy,weighted_all
1980,39,0.03258903662264302,0.021802734998843634,0.045502823046015294,lyric_joy,weighted_all
1981,45,0.03464533040324692,0.02312315906111743,0.04939822936174215,lyric_joy,weighted_all
1982,45,0.04213902205931618,0.031764534520444386,0.053843294157550695,lyric_joy,weighted_all
1983,38,0.03671993441456003,0.022857193432196075,0.05397073148929787,lyric_joy,weighted_all
1984,44,0.027126652549533822,0.016865524206077075,0.03847647494121141,lyric_joy,weighted_all
1985,38,0.04737514608217024,0.03622794399728722,0.05993578490539863,lyric_joy,weighted_all
1986,31,0.05074461766542507,0.034917634596989156,0.07494569231768583,lyric_joy,weighted_all
1987,30,0.03599993945631321,0.02460249335266213,0.048331819764264164,lyric_joy,weighted_all
1988,37,0.05440643188259317,0.039947901322771984,0.06798351063123734,lyric_joy,weighted_all
1989,29,0.031186796538571843,0.020317390917484152,0.04268259908096654,lyric_joy,weighted_all
1990,41,0.039502151772747726,0.030630650051859006,0.04894967983618608,lyric_joy,weighted_all
1991,27,0.0575406670647992,0.03316900829167698,0.08829367255978367,lyric_joy,weighted_all
1992,33,0.052594832303509545,0.03034063749707198,0.08004172845730745,lyric_joy,weighted_all
1993,35,0.045818038438211056,0.031197328693416616,0.06308107240114402,lyric_joy,weighted_all
1994,50,0.05294432969565513,0.03911035010220169,0.06793998536627555,lyric_joy,weighted_all
1995,37,0.0503527306938596,0.03432706402248186,0.06727605458909025,lyric_joy,weighted_all
1996,36,0.03161998582524487,0.020335576560905292,0.04301155368755181,lyric_joy,weighted_all
1997,38,0.03709632398191069,0.027602784630031598,0.047605769441741184,lyric_joy,weighted_all
1998,33,0.05629922630967954,0.037757314646757044,0.07266209131161037,lyric_joy,weighted_all
1999,48,0.0322654950382402,0.023609401316282835,0.04279848876095524,lyric_joy,weighted_all
2000,41,0.037463862415234216,0.025123811636821737,0.04854720804368298,lyric_joy,weighted_all
2001,38,0.02597132615892211,0.01801770678668882,0.03513548243068574,lyric_joy,weighted_all
2002,32,0.04312597659859214,0.022623403177547335,0.06754045669915205,lyric_joy,weighted_all
2003,38,0.035314223571522134,0.02322768951608517,0.04846293050793124,lyric_joy,weighted_all
2004,32,0.02208373095070219,0.014547973399167519,0.032704106639946405,lyric_joy,weighted_all
2005,44,0.025890014877723504,0.018495477641990724,0.03409886472057349,lyric_joy,weighted_all
2006,38,0.019622747005270596,0.015301711108180724,0.025042912585520733,lyric_joy,weighted_all
2007,42,0.028391651266786666,0.019125279959135627,0.037567069538143656,lyric_joy,weighted_all
2008,50,0.0347994620379877,0.024023467155530137,0.047574682523277165,lyric_joy,weighted_all
2009,58,0.03326233383404393,0.019862386075655568,0.05022745264413905,lyric_joy,weighted_all
2010,65,0.03139191846549338,0.01971673311366819,0.04670495175122415,lyric_joy,weighted_all
2011,68,0.03256917919331428,0.02441424288943615,0.040793989439564,lyric_joy,weighted_all
2012,48,0.034674848609990414,0.021075048321387724,0.05170034766167966,lyric_joy,weighted_all
2013,59,0.031865837211132335,0.021822499728765404,0.04259844718990419,lyric_joy,weighted_all
2014,53,0.02960100959774683,0.022360153832472723,0.03791609314118204,lyric_joy,weighted_all
2015,63,0.03592597968272752,0.026337078888941375,0.04521849490717701,lyric_joy,weighted_all
2016,52,0.019859219165933785,0.015790298360657772,0.02531977791287634,lyric_joy,weighted_all
2017,45,0.027305392485824073,0.016467350080265074,0.03859855829401614,lyric_joy,weighted_all
2018,79,0.027436843652322997,0.02001168775010185,0.03788578165464494,lyric_joy,weighted_all
2019,66,0.026424172280013133,0.019950803103921316,0.036438119145338406,lyric_joy,weighted_all
2020,76,0.017964461012855863,0.013842957594780091,0.023570102829443156,lyric_joy,weighted_all
2021,86,0.020723578210999575,0.015555632720509867,0.026511701651662698,lyric_joy,weighted_all
2022,79,0.02604257255442654,0.016980383070679155,0.04021233988765587,lyric_joy,weighted_all
2023,82,0.022491235567048143,0.016941650013042743,0.0324506842734415,lyric_joy,weighted_all
2024,81,0.0320128677378443,0.02107535713637723,0.04555252191114492,lyric_joy,weighted_all
2025,74,0.022033276451411985,0.015893075842151164,0.02938801587045722,lyric_joy,weighted_all
2026,57,0.028887392181737345,0.019263414111581445,0.04058882272680384,lyric_joy,weighted_all
1958,28,0.0541721057537753,0.036854277451849535,0.075021269119562,lyric_joy,unweighted_all
1959,35,0.03565642649478664,0.02682738166785614,0.04503275583515575,lyric_joy,unweighted_all
1960,58,0.055476961223325516,0.04445913246004903,0.06644327022600219,lyric_joy,unweighted_all
1961,51,0.04321813977452763,0.03407872246609158,0.05337089914295759,lyric_joy,unweighted_all
1962,38,0.052660782821707254,0.0395321233256551,0.06733472545506104,lyric_joy,unweighted_all
1963,55,0.05374718319831675,0.0432134590770446,0.06559723977109279,lyric_joy,unweighted_all
1964,67,0.06971950352656596,0.052384615773122915,0.0884840883040512,lyric_joy,unweighted_all
1965,59,0.05529883704085282,0.04618504307043321,0.06505330632296295,lyric_joy,unweighted_all
1966,65,0.049469022329707936,0.04086286891459718,0.05881874378397976,lyric_joy,unweighted_all
1967,54,0.05030931921033857,0.03899546069591625,0.06353053466915055,lyric_joy,unweighted_all
1968,61,0.051873694308020024,0.04306059149335327,0.06178265890342453,lyric_joy,unweighted_all
1969,54,0.0540315582271552,0.04111203178425657,0.06622637544143616,lyric_joy,unweighted_all
1970,57,0.05107853604570478,0.03960487117469192,0.06411023052546952,lyric_joy,unweighted_all
1971,54,0.04226182264132602,0.0340938788103,0.050818440836863654,lyric_joy,unweighted_all
1972,56,0.04397572240098297,0.033866581613760896,0.054517593278740825,lyric_joy,unweighted_all
1973,48,0.041362097678173955,0.031853936139722254,0.05174796254498462,lyric_joy,unweighted_all
1974,40,0.05297965666323241,0.03923638534288856,0.07271901915985177,lyric_joy,unweighted_all
1975,47,0.04408311786639622,0.034881031818687576,0.05280941438027051,lyric_joy,unweighted_all
1976,30,0.04164517442003506,0.029870337735189136,0.0550189222277502,lyric_joy,unweighted_all
1977,39,0.0603143414579225,0.04867001392906018,0.07343464423924474,lyric_joy,unweighted_all
1978,38,0.04256994525700721,0.03268662526864858,0.05398953789494959,lyric_joy,unweighted_all
1979,35,0.048487374389861414,0.03571978702139016,0.0631279314594177,lyric_joy,unweighted_all
1980,39,0.03206620805487871,0.02429686036053077,0.04053409221719579,lyric_joy,unweighted_all
1981,45,0.03580645775393248,0.02825343105586258,0.04464969231813228,lyric_joy,unweighted_all
1982,45,0.045227614528929136,0.03687129160144897,0.05471431283924405,lyric_joy,unweighted_all
1983,38,0.03432661285090048,0.023554047904856008,0.046043184503452496,lyric_joy,unweighted_all
1984,44,0.03408631041002771,0.02496440208740557,0.044834382055049485,lyric_joy,unweighted_all
1985,38,0.047819851752446005,0.03712988925938325,0.05968018188755318,lyric_joy,unweighted_all
1986,31,0.0513940822710472,0.038613370821818836,0.06696335471449562,lyric_joy,unweighted_all
1987,30,0.03476707600499178,0.027467945168086923,0.04335299278348042,lyric_joy,unweighted_all
1988,37,0.04642623018975936,0.034424017458877465,0.06001758866847712,lyric_joy,unweighted_all
1989,29,0.040199351915563133,0.0294008863801008,0.052948946746730806,lyric_joy,unweighted_all
1990,41,0.039301497825693955,0.030814927294753283,0.04810585168306737,lyric_joy,unweighted_all
1991,27,0.0544733586049324,0.0378804268722973,0.07279392989909073,lyric_joy,unweighted_all
1992,33,0.04579835743817663,0.033418876508280834,0.06024193526662287,lyric_joy,unweighted_all
1993,35,0.041126832081396704,0.02931873304854558,0.05389188244634976,lyric_joy,unweighted_all
1994,50,0.045108797711585415,0.034240602394324096,0.05739107280417652,lyric_joy,unweighted_all
1995,37,0.04547597824803268,0.031908800583168986,0.06180263582587939,lyric_joy,unweighted_all
1996,36,0.03204547220464444,0.020233780575552793,0.04732196903175736,lyric_joy,unweighted_all
1997,38,0.03644094897209643,0.028949333529523325,0.044161976133868595,lyric_joy,unweighted_all
1998,33,0.04309916895630119,0.033454643572232025,0.05554566818110233,lyric_joy,unweighted_all
1999,48,0.031759082737782364,0.024415861943825164,0.039695754528935194,lyric_joy,unweighted_all
2000,41,0.03417452612185395,0.027139947192039514,0.04259371209627367,lyric_joy,unweighted_all
2001,38,0.02802847686138446,0.020264930520706863,0.03678758909136427,lyric_joy,unweighted_all
2002,32,0.0398819008516399,0.026397958502783585,0.057248885568758706,lyric_joy,unweighted_all
2003,38,0.029363950793289878,0.022038411700419817,0.03797609551118492,lyric_joy,unweighted_all
2004,32,0.031150074313959303,0.021685499735017502,0.04167418604489067,lyric_joy,unweighted_all
2005,44,0.028220834101055,0.02040823753716166,0.03815818833855872,lyric_joy,unweighted_all
2006,38,0.02167735637124847,0.015510114629794708,0.03065562742271218,lyric_joy,unweighted_all
2007,42,0.030419408398665786,0.023650347304297423,0.037752476371242835,lyric_joy,unweighted_all
2008,50,0.03679325531227823,0.028929700460224885,0.04528331191447298,lyric_joy,unweighted_all
2009,58,0.028772004449478035,0.022464437700072275,0.03586885547369172,lyric_joy,unweighted_all
2010,65,0.02862971484091425,0.0227209185248667,0.03594964438535865,lyric_joy,unweighted_all
2011,68,0.03435616517483841,0.02814880156530272,0.04121272542893225,lyric_joy,unweighted_all
2012,48,0.029762248574142187,0.022591116002591404,0.03798705644296662,lyric_joy,unweighted_all
2013,59,0.034451739369955485,0.026432046783808876,0.044561390953820945,lyric_joy,unweighted_all
2014,53,0.031115419066549473,0.024634698426745223,0.03761077452931916,lyric_joy,unweighted_all
2015,63,0.03353981879575865,0.026805509608205255,0.04129311786220095,lyric_joy,unweighted_all
2016,52,0.024832532906286356,0.019505323366775087,0.031020783020320984,lyric_joy,unweighted_all
2017,45,0.025631225803191604,0.01986877807728728,0.032590517287821655,lyric_joy,unweighted_all
2018,79,0.0247674966107477,0.020462940843297535,0.029534351405712127,lyric_joy,unweighted_all
2019,66,0.02586271495240496,0.020816721042627374,0.03147620193905734,lyric_joy,unweighted_all
2020,76,0.02102296551622496,0.017876846123848045,0.02435743368163989,lyric_joy,unweighted_all
2021,86,0.019345540830025456,0.016852341138511855,0.021729157233032235,lyric_joy,unweighted_all
2022,79,0.024541341927536455,0.02032687317512067,0.029469482714777534,lyric_joy,unweighted_all
2023,82,0.021725677559502193,0.01850325671010459,0.02526072247199862,lyric_joy,unweighted_all
2024,81,0.024371526229732866,0.020891693161643646,0.02845627517146097,lyric_joy,unweighted_all
2025,74,0.02209041783326319,0.018812604766531196,0.025547129078710526,lyric_joy,unweighted_all
2026,57,0.02650206871300841,0.0212525785531881,0.03203948918368416,lyric_joy,unweighted_all
1958,27,0.03937819631001999,0.023065227750131905,0.06100923048053835,lyric_joy,weighted_complete_case
1959,27,0.04157155492608368,0.029112902859370467,0.05412510290256829,lyric_joy,weighted_complete_case
1960,26,0.051655855128862456,0.0382778872876643,0.06619834545813573,lyric_joy,weighted_complete_case
1961,27,0.0313556989994855,0.022656252325709395,0.041786112093236204,lyric_joy,weighted_complete_case
1962,27,0.039197449524363846,0.02857697899403304,0.05386491452100187,lyric_joy,weighted_complete_case
1963,27,0.04853001305008841,0.034428555661441526,0.06537367506554506,lyric_joy,weighted_complete_case
1964,27,0.08215616007569401,0.048297927687564024,0.12318260954217919,lyric_joy,weighted_complete_case
1965,27,0.06373248267394929,0.05081521105026599,0.07396948462482877,lyric_joy,weighted_complete_case
1966,24,0.05306224287598436,0.03487336956487748,0.07684968643020126,lyric_joy,weighted_complete_case
1967,26,0.06418026695437008,0.04351953327095821,0.08792457250641655,lyric_joy,weighted_complete_case
1968,27,0.05414040090698083,0.03959553157088457,0.06941325112720337,lyric_joy,weighted_complete_case
1969,27,0.060839948277935055,0.043254609033629585,0.0804202048489593,lyric_joy,weighted_complete_case
1970,27,0.04547251419041005,0.03101719463215269,0.0623744925968601,lyric_joy,weighted_complete_case
1971,27,0.04517912107075228,0.033036605299394756,0.05747572382649976,lyric_joy,weighted_complete_case
1972,27,0.05196522513211195,0.036786772907320055,0.07088743391452439,lyric_joy,weighted_complete_case
1973,27,0.04025370369293015,0.02601173603517603,0.056083643611632934,lyric_joy,weighted_complete_case
1974,25,0.06483826363733367,0.041672030584998715,0.09260696077884618,lyric_joy,weighted_complete_case
1975,25,0.040623266886184534,0.027191113117178367,0.057903838712766234,lyric_joy,weighted_complete_case
1976,27,0.03776094009433901,0.022901333706572862,0.05668465177195729,lyric_joy,weighted_complete_case
1977,25,0.05424946812334525,0.04305440222423714,0.06848775465482862,lyric_joy,weighted_complete_case
1978,25,0.04406693210879341,0.029820947193617223,0.059076857804984596,lyric_joy,weighted_complete_case
1979,27,0.06082784120502858,0.03821963681929142,0.08703864593679105,lyric_joy,weighted_complete_case
1980,26,0.03321866047216154,0.022845201898150935,0.04640003292195353,lyric_joy,weighted_complete_case
1981,27,0.03423719971956266,0.02108998765144762,0.048729309881233494,lyric_joy,weighted_complete_case
1982,25,0.040305231098440863,0.028884236025028407,0.05290920317543179,lyric_joy,weighted_complete_case
1983,26,0.037209438268298534,0.02323793515040486,0.05438508976109794,lyric_joy,weighted_complete_case
1984,27,0.026032367979940903,0.015090100626038414,0.038150065362598046,lyric_joy,weighted_complete_case
1985,27,0.04679725533872371,0.035338142038552595,0.05968483661506506,lyric_joy,weighted_complete_case
1986,26,0.050681488811576546,0.035608059908144064,0.07134859097779313,lyric_joy,weighted_complete_case
1987,27,0.03604442829533357,0.024530357098758292,0.04835164188574213,lyric_joy,weighted_complete_case
1988,27,0.05586594649394202,0.04003658395892477,0.07149585785760813,lyric_joy,weighted_complete_case
1989,27,0.031100162819686406,0.02024915645833244,0.043237797519249464,lyric_joy,weighted_complete_case
1990,27,0.03988666412337331,0.03056506227528495,0.04916231718019826,lyric_joy,weighted_complete_case
1991,27,0.05754066706479921,0.03306703899142602,0.08779711863473169,lyric_joy,weighted_complete_case
1992,27,0.052751235799688684,0.030612081683597792,0.08218260953937916,lyric_joy,weighted_complete_case
1993,26,0.046421079072702126,0.031142596505458607,0.06390406903511278,lyric_joy,weighted_complete_case
1994,26,0.05409834630916431,0.038773720063716544,0.06962496425103723,lyric_joy,weighted_complete_case
1995,27,0.05090279051525326,0.034929246476316886,0.06777455401690592,lyric_joy,weighted_complete_case
1996,27,0.031741867372088804,0.021355905476241575,0.042864378847502424,lyric_joy,weighted_complete_case
1997,26,0.03729362797091991,0.027642832211393565,0.0491757536959715,lyric_joy,weighted_complete_case
1998,27,0.05695525396907491,0.03901438216028519,0.0747997967972631,lyric_joy,weighted_complete_case
1999,27,0.033374290338975605,0.02361942918535873,0.04555227001891988,lyric_joy,weighted_complete_case
2000,26,0.03731516221624901,0.024926960339073198,0.049992535814833546,lyric_joy,weighted_complete_case
2001,26,0.02562395827143902,0.017812791042651693,0.035826853983097436,lyric_joy,weighted_complete_case
2002,26,0.043296030323060966,0.023761160296599824,0.07177158747952739,lyric_joy,weighted_complete_case
2003,27,0.03592711524440539,0.023319201630776457,0.05084096883059077,lyric_joy,weighted_complete_case
2004,27,0.021845191455902607,0.014396023549941923,0.031378381373766785,lyric_joy,weighted_complete_case
2005,27,0.025940584487903626,0.018380856711626637,0.03557604152534147,lyric_joy,weighted_complete_case
2006,27,0.019573850034663037,0.015086544855686867,0.02441067308203788,lyric_joy,weighted_complete_case
2007,27,0.02811913331223872,0.019401609130973836,0.03745265972823125,lyric_joy,weighted_complete_case
2008,26,0.03496963776281776,0.02444155627543978,0.04930507041420542,lyric_joy,weighted_complete_case
2009,27,0.03404193017950162,0.019053810943164166,0.051786336063194806,lyric_joy,weighted_complete_case
2010,26,0.031692695208720756,0.01885566053658814,0.048163115645932744,lyric_joy,weighted_complete_case
2011,27,0.03238329388740254,0.0243402055914452,0.040474697966047725,lyric_joy,weighted_complete_case
2012,27,0.03551263392233876,0.0203720139202493,0.053244240171225095,lyric_joy,weighted_complete_case
2013,26,0.031752197570668036,0.021174463861023406,0.04266525133622541,lyric_joy,weighted_complete_case
2014,26,0.028955912524313177,0.021097209992633235,0.03807766879579461,lyric_joy,weighted_complete_case
2015,26,0.035278950246914124,0.025708516436038647,0.04497544330303363,lyric_joy,weighted_complete_case
2016,27,0.01990495143753131,0.01592340465652557,0.026187350177678016,lyric_joy,weighted_complete_case
2017,27,0.027388522553124562,0.01643232456854271,0.039532023599245736,lyric_joy,weighted_complete_case
2018,27,0.027909268397504777,0.01925704020241746,0.03898865560139946,lyric_joy,weighted_complete_case
2019,25,0.026687043925648208,0.02019093590204623,0.03582813544582972,lyric_joy,weighted_complete_case
2020,27,0.017692251064684795,0.013489029180013832,0.023343245100632782,lyric_joy,weighted_complete_case
2021,27,0.020824864547289764,0.015343814597341203,0.027152613322543935,lyric_joy,weighted_complete_case
2022,27,0.026413777178234073,0.0160093559341565,0.04060358250325427,lyric_joy,weighted_complete_case
2023,24,0.022356635415850392,0.01635528494007166,0.03305172142404507,lyric_joy,weighted_complete_case
2024,27,0.03249197520632751,0.020728433287878184,0.0465067410388603,lyric_joy,weighted_complete_case
2025,27,0.021844844672885524,0.015277756943748036,0.02880014726535995,lyric_joy,weighted_complete_case
2026,27,0.029137033324663088,0.01845515595295921,0.040673570264277537,lyric_joy,weighted_complete_case
1958,27,0.05527145056249413,0.03787873906301079,0.07646617164334521,lyric_joy,unweighted_complete_case
1959,27,0.03831366676327977,0.02800978879566179,0.04928263436182414,lyric_joy,unweighted_complete_case
1960,26,0.053386903443841685,0.0396859192237373,0.06848094443371563,lyric_joy,unweighted_complete_case
1961,27,0.035651893551246795,0.026914365780782438,0.04543321446620778,lyric_joy,unweighted_complete_case
1962,27,0.0503844950495716,0.0359032020730285,0.06935170982673379,lyric_joy,unweighted_complete_case
1963,27,0.04857615749600671,0.034299332555918854,0.06590348576134583,lyric_joy,unweighted_complete_case
1964,27,0.07645859963326898,0.044993826658465456,0.11637186466152957,lyric_joy,unweighted_complete_case
1965,27,0.058336771986200284,0.047079091573839715,0.06922730230004714,lyric_joy,unweighted_complete_case
1966,24,0.05321850769317813,0.03449828979221762,0.07414000206809207,lyric_joy,unweighted_complete_case
1967,26,0.061988060110676334,0.04269365264183672,0.08456209607306506,lyric_joy,unweighted_complete_case
1968,27,0.05534353866723127,0.04225198554989019,0.07022448412856742,lyric_joy,unweighted_complete_case
1969,27,0.06091626690690446,0.04352640085108074,0.08161377097681981,lyric_joy,unweighted_complete_case
1970,27,0.04648411583776954,0.03194240648482858,0.06332911190266285,lyric_joy,unweighted_complete_case
1971,27,0.04591514061395463,0.03407820904066495,0.05868920368851902,lyric_joy,unweighted_complete_case
1972,27,0.049068092145832694,0.03484864292904,0.06761143617887082,lyric_joy,unweighted_complete_case
1973,27,0.042088041980427454,0.029730357271223303,0.056839685671150046,lyric_joy,unweighted_complete_case
1974,25,0.06103137533279662,0.040274564416597845,0.09088548659306016,lyric_joy,unweighted_complete_case
1975,25,0.041420572187599536,0.027896320954744595,0.05619206977445442,lyric_joy,unweighted_complete_case
1976,27,0.04282092329421951,0.03124451362186905,0.05726518625133013,lyric_joy,unweighted_complete_case
1977,25,0.05837722368179092,0.04522970528433788,0.07291801845225966,lyric_joy,unweighted_complete_case
1978,25,0.044647710155122436,0.031395721199569994,0.05835451600454683,lyric_joy,unweighted_complete_case
1979,27,0.05085006817401529,0.035805217250142934,0.06789405355328396,lyric_joy,unweighted_complete_case
1980,26,0.03700473177621283,0.026496822751519426,0.04916198178285526,lyric_joy,unweighted_complete_case
1981,27,0.033616382229791894,0.02322492102650173,0.04559228416533194,lyric_joy,unweighted_complete_case
1982,25,0.04032431218749381,0.029470351858556895,0.05329796270759731,lyric_joy,unweighted_complete_case
1983,26,0.039465539005742976,0.025615417808227323,0.0545981421149689,lyric_joy,unweighted_complete_case
1984,27,0.029201826490754992,0.017300609655212587,0.04226456099464392,lyric_joy,unweighted_complete_case
1985,27,0.044482046945571264,0.032160690487482754,0.05792460825536429,lyric_joy,unweighted_complete_case
1986,26,0.051924426688897005,0.0389200759912214,0.06875876577057623,lyric_joy,unweighted_complete_case
1987,27,0.03564902599536813,0.02646023791162776,0.04550646789020452,lyric_joy,unweighted_complete_case
1988,27,0.05102523607642098,0.037079047332416674,0.06666205129232283,lyric_joy,unweighted_complete_case
1989,27,0.037868955295905476,0.02603770739212553,0.051979902372972,lyric_joy,unweighted_complete_case
1990,27,0.037897643395614376,0.02831110598707369,0.0480086808126787,lyric_joy,unweighted_complete_case
1991,27,0.0544733586049324,0.039168869766483504,0.07267817948833245,lyric_joy,unweighted_complete_case
1992,27,0.04837203880304341,0.033181030331870955,0.06449077809323131,lyric_joy,unweighted_complete_case
1993,26,0.046789114287124296,0.03268541852281533,0.06164145536831384,lyric_joy,unweighted_complete_case
1994,26,0.05149743638823618,0.03784593656261606,0.06608273002808386,lyric_joy,unweighted_complete_case
1995,27,0.050548978310802954,0.03365000408991877,0.06990123659249416,lyric_joy,unweighted_complete_case
1996,27,0.03524632783999272,0.0214407908620904,0.05460807316107457,lyric_joy,unweighted_complete_case
1997,26,0.036921617907140054,0.02841222248725606,0.04718689319197578,lyric_joy,unweighted_complete_case
1998,27,0.04685156115617888,0.035131163684687855,0.060415454834694,lyric_joy,unweighted_complete_case
1999,27,0.0342244033126532,0.023280787115513263,0.04554775150728968,lyric_joy,unweighted_complete_case
2000,26,0.03312586036637755,0.024709400234280702,0.04220582449488318,lyric_joy,unweighted_complete_case
2001,26,0.026544768490590974,0.018980623586111273,0.03533944513018353,lyric_joy,unweighted_complete_case
2002,26,0.04351851759860334,0.026534175933381574,0.06652515764824479,lyric_joy,unweighted_complete_case
2003,27,0.03107327374293463,0.021087254384822424,0.04308443393841744,lyric_joy,unweighted_complete_case
2004,27,0.02868704456296505,0.01870278919558494,0.03984369645870342,lyric_joy,unweighted_complete_case
2005,27,0.02988906752235372,0.01909541552374299,0.04339272719085902,lyric_joy,unweighted_complete_case
2006,27,0.02246899221714272,0.01456208172457997,0.03381716575458282,lyric_joy,unweighted_complete_case
2007,27,0.029202931067090376,0.021975431065698648,0.03791940794274555,lyric_joy,unweighted_complete_case
2008,26,0.037657391235904794,0.02695564873553545,0.05096857224232108,lyric_joy,unweighted_complete_case
2009,27,0.03133886551327589,0.020565556135589746,0.04414164695871635,lyric_joy,unweighted_complete_case
2010,26,0.03070239678925332,0.02122006260639941,0.04339081051739194,lyric_joy,unweighted_complete_case
2011,27,0.030703193726147653,0.02347055283352241,0.03918001355904991,lyric_joy,unweighted_complete_case
2012,27,0.035256071235267715,0.022770307986328047,0.04835056087941256,lyric_joy,unweighted_complete_case
2013,26,0.03416657875292478,0.02133208196767896,0.05013263936840595,lyric_joy,unweighted_complete_case
2014,26,0.030885214763447657,0.022677427038981648,0.03975580133838532,lyric_joy,unweighted_complete_case
2015,26,0.03709592197188521,0.02609878122645045,0.050462172980593724,lyric_joy,unweighted_complete_case
2016,27,0.025074856355050114,0.017935351000785037,0.03345863194855758,lyric_joy,unweighted_complete_case
2017,27,0.0270449808384071,0.01943410154216488,0.03615703268856533,lyric_joy,unweighted_complete_case
2018,27,0.030483094923376756,0.022603790174807424,0.04013057779059055,lyric_joy,unweighted_complete_case
2019,25,0.02786809843581983,0.019532491086448528,0.03907880149614651,lyric_joy,unweighted_complete_case
2020,27,0.021102342422634444,0.016386502905492893,0.026299457197786334,lyric_joy,unweighted_complete_case
2021,27,0.020351013053809573,0.01639661458695971,0.024539341902858232,lyric_joy,unweighted_complete_case
2022,27,0.029734964516396123,0.021165210416575635,0.040779199579256895,lyric_joy,unweighted_complete_case
2023,24,0.027920119016994056,0.02095663413743928,0.0357295180093593,lyric_joy,unweighted_complete_case
2024,27,0.02590414443962882,0.02048597034496397,0.03174472578882886,lyric_joy,unweighted_complete_case
2025,27,0.01899300823376125,0.013634309768905695,0.024923378425121177,lyric_joy,unweighted_complete_case
2026,27,0.025732122423798378,0.019827336545317625,0.032166273162671816,lyric_joy,unweighted_complete_case
1958,28,1.3918062357299243,1.0146998341019748,1.7992551073428502,vader_valence,weighted_all
1959,35,0.8089078884576686,0.44377296061528476,1.2317751321946162,vader_valence,weighted_all
1960,58,1.029559549464571,0.731716632862191,1.2674606812144744,vader_valence,weighted_all
1961,51,0.8870857838617503,0.5709019543254811,1.1948062469987817,vader_valence,weighted_all
1962,37,0.7513544193798918,0.2547942013094832,1.2056291428133452,vader_valence,weighted_all
1963,55,0.8855561768011566,0.5890275093451875,1.2248640840819363,vader_valence,weighted_all
1964,67,0.9213683460236948,0.627883958728695,1.2077215193312354,vader_valence,weighted_all
1965,59,1.106968693692859,0.8349220611847709,1.3542984790091133,vader_valence,weighted_all
1966,65,0.645608817583198,0.3543207253750017,0.922740233610174,vader_valence,weighted_all
1967,54,0.7083307947678306,0.3471495935471527,1.0677057041839009,vader_valence,weighted_all
1968,61,0.9639469660442764,0.7755130660523608,1.1702359191862437,vader_valence,weighted_all
1969,54,0.9427953241166515,0.6337050644769042,1.2512227228792008,vader_valence,weighted_all
1970,57,0.9168295610103595,0.6352340738704837,1.2173105804869935,vader_valence,weighted_all
1971,54,0.7202355274177243,0.45046109569239606,0.9869415331580375,vader_valence,weighted_all
1972,56,0.97709271551773,0.6298097163990614,1.3340048091844456,vader_valence,weighted_all
1973,48,0.5774543387033896,0.2735139175329056,0.8456736089698224,vader_valence,weighted_all
1974,40,1.05488958554569,0.7349947720212756,1.3606812666058985,vader_valence,weighted_all
1975,47,0.7528964842928402,0.43705123695225484,1.037347571329621,vader_valence,weighted_all
1976,30,0.9170333360487908,0.32800510388246173,1.5623025961049959,vader_valence,weighted_all
1977,39,0.8994351093175046,0.5205951611257578,1.312648793195168,vader_valence,weighted_all
1978,38,0.7541973775328582,0.3394531500228272,1.136429733686574,vader_valence,weighted_all
1979,35,0.594006634433455,0.1530800372162227,1.0387720529148028,vader_valence,weighted_all
1980,39,0.6735814921669078,0.364635514129727,1.0025177418926834,vader_valence,weighted_all
1981,45,0.9233761510255136,0.6141485114828914,1.1993482625863319,vader_valence,weighted_all
1982,45,0.8526969181341709,0.5975070273009777,1.108968125927727,vader_valence,weighted_all
1983,38,0.7563900069290903,0.40989190007951515,1.1491722325171176,vader_valence,weighted_all
1984,44,0.5220232201859994,0.2524395297632061,0.7883666671502139,vader_valence,weighted_all
1985,38,0.41884386125916767,0.09807080666196201,0.7079842618190556,vader_valence,weighted_all
1986,31,0.8459561943737335,0.35200360695985816,1.3009788901498973,vader_valence,weighted_all
1987,30,0.6375748321475461,0.058593212819453934,1.208125188543227,vader_valence,weighted_all
1988,37,0.86502294804159,0.5825320519711926,1.1416622824561535,vader_valence,weighted_all
1989,29,0.7929297138774157,0.4357533632961052,1.2027269690149558,vader_valence,weighted_all
1990,41,0.7377622283513305,0.2768121239161615,1.1269695860718938,vader_valence,weighted_all
1991,27,1.0568545863706458,0.5838109692939057,1.4682905028473874,vader_valence,weighted_all
1992,33,0.9437233525361611,0.5719448697818064,1.3371002096232858,vader_valence,weighted_all
1993,35,0.6200537459901496,0.3377436672810368,0.9034460537771825,vader_valence,weighted_all
1994,50,0.9333981531631589,0.6494115725965842,1.2153046867206048,vader_valence,weighted_all
1995,37,0.9406873298916759,0.5497790547947532,1.2738370961869698,vader_valence,weighted_all
1996,36,0.4271785162332005,0.07042442532356857,0.7066737837999798,vader_valence,weighted_all
1997,38,0.6638354574607066,0.3359459955971036,1.004588481440043,vader_valence,weighted_all
1998,33,0.5910335588597221,0.18102979943533454,1.0024573152308809,vader_valence,weighted_all
1999,48,0.7794180029334373,0.5251168555764453,1.045866352154916,vader_valence,weighted_all
2000,41,0.7360541843045572,0.46025624651686103,0.9988681073178314,vader_valence,weighted_all
2001,38,0.5177801491714636,0.19540719827356867,0.8205049433224034,vader_valence,weighted_all
2002,32,0.476282233867599,0.19772278292537826,0.7521364661752367,vader_valence,weighted_all
2003,38,0.6780369447252175,0.3755382568059956,0.9798554147779405,vader_valence,weighted_all
2004,32,0.4382712270015903,0.16062039024175945,0.6825577505018399,vader_valence,weighted_all
2005,44,0.39588353700302265,0.07749499993947818,0.7340377578855126,vader_valence,weighted_all
2006,38,0.343983269283777,0.021228983007157035,0.7436668224897387,vader_valence,weighted_all
2007,42,0.5799976953529323,0.30645905958945546,0.8204031897654002,vader_valence,weighted_all
2008,50,0.7628592256852913,0.47156525432572577,0.9812394068577841,vader_valence,weighted_all
2009,58,0.5115627972030314,0.1711438650116713,0.8571336648829778,vader_valence,weighted_all
2010,65,0.6105367113183072,0.40489087835486837,0.8148278376991842,vader_valence,weighted_all
2011,68,0.4894035721086195,0.18276966462718097,0.8074173633211621,vader_valence,weighted_all
2012,48,0.2707922340526855,-0.11367830575856284,0.559871686322529,vader_valence,weighted_all
2013,59,0.4944748921710862,0.1746036823845361,0.8386322102801341,vader_valence,weighted_all
2014,53,0.5409589191550763,0.2509970305313131,0.8074278980317459,vader_valence,weighted_all
2015,63,0.48320055904652753,0.2804378692881202,0.7146305372241708,vader_valence,weighted_all
2016,52,0.046594571218007586,-0.21553655252678652,0.3122977922603466,vader_valence,weighted_all
2017,45,0.5127614992020758,-0.18801478113375017,1.1800892162391818,vader_valence,weighted_all
2018,79,0.43115277465518803,0.07454652387672651,0.7304955124476885,vader_valence,weighted_all
2019,66,0.311343680567762,-0.017818897976112434,0.6509418547945508,vader_valence,weighted_all
2020,76,0.1550808033412655,-0.12026831369627013,0.4362449850595021,vader_valence,weighted_all
2021,86,0.09646218839635055,-0.21354341059391094,0.3770863084249985,vader_valence,weighted_all
2022,79,0.35122403233795657,0.06433326003646725,0.5828479725459468,vader_valence,weighted_all
2023,82,0.04644879442984683,-0.12066889754520371,0.23383693151628815,vader_valence,weighted_all
2024,81,0.2955533239232781,-0.05267674777586726,0.6284389213052367,vader_valence,weighted_all
2025,74,0.15451563401693244,-0.08883398370729428,0.4125368262210573,vader_valence,weighted_all
2026,57,0.28983694275941785,-0.3871349275906552,0.9646200333239497,vader_valence,weighted_all
1958,28,1.279213133608451,0.9815470929497633,1.56004377988876,vader_valence,unweighted_all
1959,35,0.7852943274897969,0.527198415522478,1.0592095242125497,vader_valence,unweighted_all
1960,58,0.9463407100415078,0.7284197096886991,1.1880847297423305,vader_valence,unweighted_all
1961,51,0.9834450069331886,0.7691805812452087,1.2141587761153279,vader_valence,unweighted_all
1962,37,1.004710306349182,0.7242960677215164,1.2598072224763799,vader_valence,unweighted_all
1963,55,0.9277350523273886,0.6545547324766681,1.1731144791715558,vader_valence,unweighted_all
1964,67,0.8789541679939392,0.6734512808630343,1.0830306600207722,vader_valence,unweighted_all
1965,59,0.9067573729381267,0.6931031759429324,1.1118485286801543,vader_valence,unweighted_all
1966,65,0.7066136967317362,0.5016284022066527,0.9213468683000764,vader_valence,unweighted_all
1967,54,0.6136376943128733,0.29622034705994366,0.9410126735290374,vader_valence,unweighted_all
1968,61,0.9701276072819902,0.7442613206214507,1.1729373554392746,vader_valence,unweighted_all
1969,54,0.966881142823214,0.7836123549489409,1.1547160111919024,vader_valence,unweighted_all
1970,57,0.9598889957577699,0.7128793139276898,1.2183736036464372,vader_valence,unweighted_all
1971,54,0.6821870265902573,0.45285932742227075,0.9188786612017498,vader_valence,unweighted_all
1972,56,0.8816238452716646,0.6417276542617225,1.1255778726587007,vader_valence,unweighted_all
1973,48,0.6301267721659688,0.383791527953063,0.8707262837001039,vader_valence,unweighted_all
1974,40,0.7930637173960905,0.5302288720550459,1.043251485641394,vader_valence,unweighted_all
1975,47,0.7353623994274067,0.5411503792988359,0.9350946253984068,vader_valence,unweighted_all
1976,30,0.8223188125869069,0.4740928768750336,1.1522612316134453,vader_valence,unweighted_all
1977,39,0.9195306757436961,0.6428942751972214,1.1805095103075847,vader_valence,unweighted_all
1978,38,0.7795419530279606,0.5067718311377906,1.0644924390449715,vader_valence,unweighted_all
1979,35,0.5699370396871376,0.28677512152648055,0.8751287880872728,vader_valence,unweighted_all
1980,39,0.683126298917503,0.4065340141007648,0.9532844142540742,vader_valence,unweighted_all
1981,45,0.8857805868163374,0.6245837584335697,1.141409881198681,vader_valence,unweighted_all
1982,45,0.7520448846442042,0.5176986231103088,0.9949469627913109,vader_valence,unweighted_all
1983,38,0.7390009168178907,0.380537298477632,1.0531679156001608,vader_valence,unweighted_all
1984,44,0.6683541485037626,0.4594180594703275,0.8929128202300619,vader_valence,unweighted_all
1985,38,0.6336112874479377,0.3548189143880083,0.8982484802050138,vader_valence,unweighted_all
1986,31,0.8066385082727511,0.46865280608143844,1.135478533928454,vader_valence,unweighted_all
1987,30,0.6707015877997573,0.27979589467252985,1.0099005714630447,vader_valence,unweighted_all
1988,37,0.7779634811281871,0.5095464325170898,1.0100605687702466,vader_valence,unweighted_all
1989,29,0.8668897246760959,0.5764255334368693,1.1440282922587621,vader_valence,unweighted_all
1990,41,0.77218900662504,0.49096609231513383,1.0346685738233818,vader_valence,unweighted_all
1991,27,0.9336388181181198,0.613276655315914,1.255173749098628,vader_valence,unweighted_all
1992,33,0.9789810408870792,0.7334496435174349,1.2218135273167237,vader_valence,unweighted_all
1993,35,0.6675307724995836,0.429677962727381,0.9044167769113051,vader_valence,unweighted_all
1994,50,0.7295252062756241,0.48937570271541697,0.9665158187312558,vader_valence,unweighted_all
1995,37,0.7428611591641336,0.40630883154923,1.039461232229268,vader_valence,unweighted_all
1996,36,0.3690243473237749,0.0818131799960511,0.6657425718319322,vader_valence,unweighted_all
1997,38,0.7451779830303543,0.502016289391538,0.9839772449357291,vader_valence,unweighted_all
1998,33,0.45002737519832897,0.18513430770445424,0.710727844530921,vader_valence,unweighted_all
1999,48,0.6206231628454143,0.4189404275588999,0.8399279055620071,vader_valence,unweighted_all
2000,41,0.653098405829483,0.3960556511484154,0.9002861619869142,vader_valence,unweighted_all
2001,38,0.4594508286670169,0.2034072623431281,0.7114375298608944,vader_valence,unweighted_all
2002,32,0.4435785865995256,0.18224780767740803,0.6892823276972165,vader_valence,unweighted_all
2003,38,0.48393129715750954,0.2402644190498264,0.7497126248038126,vader_valence,unweighted_all
2004,32,0.34191961222698564,0.08771845851796044,0.6058525234265324,vader_valence,unweighted_all
2005,44,0.4505159974339266,0.221814559615957,0.6636685475756499,vader_valence,unweighted_all
2006,38,0.4885061090849073,0.2227907803506741,0.7735948864557723,vader_valence,unweighted_all
2007,42,0.5472744961353664,0.32964257208701697,0.7670604863352873,vader_valence,unweighted_all
2008,50,0.6269236115873137,0.4139695281128923,0.8261083196226129,vader_valence,unweighted_all
2009,58,0.5279787329723917,0.36144137341500976,0.6964298558164459,vader_valence,unweighted_all
2010,65,0.3939563313317829,0.21611378135148573,0.5685663410403253,vader_valence,unweighted_all
2011,68,0.5073169375270016,0.29524042633543934,0.7024029575891961,vader_valence,unweighted_all
2012,48,0.09072654469743842,-0.17790100427931224,0.3383224182710727,vader_valence,unweighted_all
2013,59,0.37886043535370933,0.1617020527173394,0.5934905576401766,vader_valence,unweighted_all
2014,53,0.4424950906894871,0.1925968526762814,0.696595980021417,vader_valence,unweighted_all
2015,63,0.36762578988334,0.18468015185857498,0.5516236459350744,vader_valence,unweighted_all
2016,52,0.21488946623661795,0.03199939000973741,0.41836762696805857,vader_valence,unweighted_all
2017,45,0.191670125883423,-0.019995649318312023,0.43585126204589464,vader_valence,unweighted_all
2018,79,0.17070728147904868,-0.017219056886872777,0.37047868362655656,vader_valence,unweighted_all
2019,66,0.09557427703320527,-0.08719424980128884,0.278116929071944,vader_valence,unweighted_all
2020,76,0.04336939778696711,-0.1102072448239683,0.19253351510224467,vader_valence,unweighted_all
2021,86,0.019810394100270412,-0.13894965834018716,0.18234994872278854,vader_valence,unweighted_all
2022,79,0.0385919338719989,-0.1319971718522459,0.21772548190521124,vader_valence,unweighted_all
2023,82,0.017866328637650725,-0.14811314166146206,0.1920293614490393,vader_valence,unweighted_all
2024,81,-0.04547409771137483,-0.19229263307197855,0.11090242671092237,vader_valence,unweighted_all
2025,74,0.13622260514942253,-0.008692914845849747,0.29183715795666926,vader_valence,unweighted_all
2026,57,0.24726066640075098,0.014509419585646345,0.5002609628375986,vader_valence,unweighted_all
1958,27,1.392058966656829,1.0573281715494072,1.7697198911568617,vader_valence,weighted_complete_case
1959,27,0.8111414574265465,0.4562937369540024,1.2544781427724008,vader_valence,weighted_complete_case
1960,26,1.0901109549151327,0.7792645354478172,1.3528125235049373,vader_valence,weighted_complete_case
1961,27,0.8305618779042838,0.47698176967487926,1.1543882132567973,vader_valence,weighted_complete_case
1962,26,0.7459615921473558,0.2545984591215072,1.185050758512365,vader_valence,weighted_complete_case
1963,27,0.8761820591504852,0.49353432402866637,1.2548201601872278,vader_valence,weighted_complete_case
1964,27,0.9929112188157656,0.6213430113394937,1.4023023321760633,vader_valence,weighted_complete_case
1965,27,1.1352692090845415,0.765479582112237,1.4093666605736443,vader_valence,weighted_complete_case
1966,24,0.6721829821121837,0.30994201573439206,1.0066485941913759,vader_valence,weighted_complete_case
1967,26,0.7859674828112514,0.3395287940982607,1.2422861582054157,vader_valence,weighted_complete_case
1968,27,0.9031579175992387,0.648594957113372,1.1555143800363266,vader_valence,weighted_complete_case
1969,27,0.9183469964355588,0.5384622560751194,1.2892790000830097,vader_valence,weighted_complete_case
1970,27,0.8605751634252237,0.5363327702753045,1.1803749871388216,vader_valence,weighted_complete_case
1971,27,0.7555700158863586,0.4558699064207783,1.0645182593496798,vader_valence,weighted_complete_case
1972,27,1.0098368844838665,0.6219097787388849,1.4111979784032924,vader_valence,weighted_complete_case
1973,27,0.5656701809912258,0.24911161933781248,0.8996802183130045,vader_valence,weighted_complete_case
1974,25,1.0799916806284557,0.7583568818270785,1.4103058850588406,vader_valence,weighted_complete_case
1975,25,0.7373797445314139,0.39082370983268394,1.0321547142255032,vader_valence,weighted_complete_case
1976,27,0.9175969571815737,0.3046920842406769,1.5245362308608401,vader_valence,weighted_complete_case
1977,25,0.9034510023003293,0.5272571282599262,1.3108107625550292,vader_valence,weighted_complete_case
1978,25,0.770609409187283,0.33859859733283265,1.2000222918356231,vader_valence,weighted_complete_case
1979,27,0.5878427676333452,0.06324035161014446,1.0507561862036807,vader_valence,weighted_complete_case
1980,26,0.655956775741197,0.3005957430330658,0.9966562045738462,vader_valence,weighted_complete_case
1981,27,0.9060266408347527,0.5803657938364661,1.2108015077066834,vader_valence,weighted_complete_case
1982,25,0.8825206785732842,0.5935679196970783,1.1936921717088176,vader_valence,weighted_complete_case
1983,26,0.7605692440615606,0.3864369190223667,1.1985281132695482,vader_valence,weighted_complete_case
1984,27,0.5029599227627963,0.21869959472802775,0.7905201145478049,vader_valence,weighted_complete_case
1985,27,0.38664742814967884,0.08594487089849889,0.699859834994998,vader_valence,weighted_complete_case
1986,26,0.8515706133325124,0.36272030503890085,1.299807725811549,vader_valence,weighted_complete_case
1987,27,0.6359598111476712,0.08098474169425735,1.3023635135170724,vader_valence,weighted_complete_case
1988,27,0.8868868316241576,0.5664726615609481,1.1780753302606757,vader_valence,weighted_complete_case
1989,27,0.792165473071945,0.3907455615291246,1.245462035880896,vader_valence,weighted_complete_case
1990,27,0.736620167313249,0.2939466975946093,1.1749155763832158,vader_valence,weighted_complete_case
1991,27,1.0568545863706462,0.6142048660318912,1.4755384280854151,vader_valence,weighted_complete_case
1992,27,0.9408381435635143,0.5537301043845935,1.3352343989063544,vader_valence,weighted_complete_case
1993,26,0.6228318236119196,0.3209278217953816,0.9188181462452468,vader_valence,weighted_complete_case
1994,26,0.9863797027144307,0.6868262454133387,1.3146367134064407,vader_valence,weighted_complete_case
1995,27,0.9431571968415865,0.5080728377712577,1.2874745775906447,vader_valence,weighted_complete_case
1996,27,0.43132586665939143,0.10737737922800598,0.688663609111578,vader_valence,weighted_complete_case
1997,26,0.682902738511203,0.3646560724748266,1.0452198528404408,vader_valence,weighted_complete_case
1998,27,0.5986483096608666,0.18341391065766197,1.0608826041649224,vader_valence,weighted_complete_case
1999,27,0.8180483460187284,0.5618015341295458,1.0934983061352823,vader_valence,weighted_complete_case
2000,26,0.7584342412021625,0.4518342235807633,1.0101193282350964,vader_valence,weighted_complete_case
2001,26,0.5379903689102307,0.20161569524450826,0.8286661190978989,vader_valence,weighted_complete_case
2002,26,0.4760580071594269,0.19259469101220186,0.7482875959853263,vader_valence,weighted_complete_case
2003,27,0.6847108491379648,0.3438228556181076,0.9980935048066387,vader_valence,weighted_complete_case
2004,27,0.4517164204053377,0.16475475047872112,0.700664058914004,vader_valence,weighted_complete_case
2005,27,0.3968536375408832,0.02947018913790025,0.7565522583978961,vader_valence,weighted_complete_case
2006,27,0.3436568769338572,0.01279124155281468,0.7855023603184363,vader_valence,weighted_complete_case
2007,27,0.5735512386496168,0.3069416742403815,0.8064795888362,vader_valence,weighted_complete_case
2008,26,0.7848720303320483,0.4733715749386373,1.0193577707281294,vader_valence,weighted_complete_case
2009,27,0.5253745517270223,0.14664414354432725,0.9198194928761863,vader_valence,weighted_complete_case
2010,26,0.6334853435958914,0.39831874666154365,0.8298846164095024,vader_valence,weighted_complete_case
2011,27,0.5073916352317339,0.1650309861646123,0.8375400394942424,vader_valence,weighted_complete_case
2012,27,0.29598866423291875,-0.08972899299498713,0.6222366308406426,vader_valence,weighted_complete_case
2013,26,0.5160403069380872,0.1887361914192616,0.8822833836169688,vader_valence,weighted_complete_case
2014,26,0.5403684332093738,0.2543357902030704,0.8414464109763935,vader_valence,weighted_complete_case
2015,26,0.4982790249218414,0.2646585764187493,0.7410104940594296,vader_valence,weighted_complete_case
2016,27,0.046359168604969435,-0.21699028373166798,0.33937061564535936,vader_valence,weighted_complete_case
2017,27,0.5206551810919149,-0.16751798347070065,1.1433769777341374,vader_valence,weighted_complete_case
2018,27,0.48260561718166517,0.09407477258915345,0.8092108770465147,vader_valence,weighted_complete_case
2019,25,0.3367866276567831,-0.012812496968585933,0.6991019192514702,vader_valence,weighted_complete_case
2020,27,0.18490803372300113,-0.12354603013839532,0.5501594017001739,vader_valence,weighted_complete_case
2021,27,0.10802502295819326,-0.23594184310909525,0.4564297939717253,vader_valence,weighted_complete_case
2022,27,0.3807306115523709,0.09618034557212388,0.6342857466423794,vader_valence,weighted_complete_case
2023,24,0.04960974291185542,-0.13932064054244953,0.2926284951240367,vader_valence,weighted_complete_case
2024,27,0.32724733528150357,-0.03850324584047544,0.7033708857490575,vader_valence,weighted_complete_case
2025,27,0.1435963428352281,-0.09854690526222552,0.41798437331321986,vader_valence,weighted_complete_case
2026,27,0.30494581787969105,-0.38857393109210825,1.0032622477365343,vader_valence,weighted_complete_case
1958,27,1.3126312838560577,1.001142806403836,1.5925340545156186,vader_valence,unweighted_complete_case
1959,27,0.8473522874302349,0.5004057329533473,1.196069407276994,vader_valence,unweighted_complete_case
1960,26,0.9568151777048625,0.602087905705245,1.2894040744188453,vader_valence,unweighted_complete_case
1961,27,0.8765246216387204,0.5674818446854584,1.1661393935509514,vader_valence,unweighted_complete_case
1962,26,0.9912572871161471,0.6129834430277232,1.3089485596016972,vader_valence,unweighted_complete_case
1963,27,0.915713105189112,0.5367424960225026,1.2477760218503071,vader_valence,unweighted_complete_case
1964,27,0.9941104598765984,0.653957721308153,1.3618321844204355,vader_valence,unweighted_complete_case
1965,27,0.9863606382938385,0.6765982311841882,1.3025204766511613,vader_valence,unweighted_complete_case
1966,24,0.6923499506853088,0.3891688021790415,0.9852517425691605,vader_valence,unweighted_complete_case
1967,26,0.7856746644112906,0.36635421884067215,1.1823380618024795,vader_valence,unweighted_complete_case
1968,27,0.9461584053437818,0.6729517947364154,1.2225981068716147,vader_valence,unweighted_complete_case
1969,27,0.8844266111629572,0.58455007847872,1.195347002963097,vader_valence,unweighted_complete_case
1970,27,0.9543995001443469,0.638174444986346,1.273009095476146,vader_valence,unweighted_complete_case
1971,27,0.7451174894109159,0.48818109022643597,1.0251469331607508,vader_valence,unweighted_complete_case
1972,27,0.9809253585306621,0.6051810617615427,1.357976791920362,vader_valence,unweighted_complete_case
1973,27,0.5978419078490049,0.29189093307496217,0.8779284801482863,vader_valence,unweighted_complete_case
1974,25,1.040301553448235,0.7380911844761642,1.3055927896928339,vader_valence,unweighted_complete_case
1975,25,0.5851679665474964,0.312885186520168,0.8748612412037968,vader_valence,unweighted_complete_case
1976,27,0.8300665633801075,0.47643422277453173,1.1455854234309175,vader_valence,unweighted_complete_case
1977,25,0.9343844326698993,0.6064443718068715,1.2827229742702528,vader_valence,unweighted_complete_case
1978,25,0.8649825866291883,0.5505867726082574,1.2017846601909974,vader_valence,unweighted_complete_case
1979,27,0.5577593921497961,0.23116148886029173,0.8839618084667651,vader_valence,unweighted_complete_case
1980,26,0.622350404787211,0.24995404860612963,1.0016482922985408,vader_valence,unweighted_complete_case
1981,27,0.8031120322860408,0.48732520926313766,1.1148307115537246,vader_valence,unweighted_complete_case
1982,25,0.8315500213151215,0.5336101384528854,1.1273732816792554,vader_valence,unweighted_complete_case
1983,26,0.8989966051717063,0.555693217830022,1.243522405364447,vader_valence,unweighted_complete_case
1984,27,0.5675382823856995,0.24170371614978,0.8840057925114144,vader_valence,unweighted_complete_case
1985,27,0.40836459234430317,0.12108640161270347,0.690610316981266,vader_valence,unweighted_complete_case
1986,26,0.8754813177720485,0.5049562555951742,1.2063266147744238,vader_valence,unweighted_complete_case
1987,27,0.6057577428112644,0.18190121518261265,0.9984131344613479,vader_valence,unweighted_complete_case
1988,27,0.881616312005763,0.5793201333874607,1.1346449756279555,vader_valence,unweighted_complete_case
1989,27,0.8394831204308012,0.5302016742610782,1.1584446958614567,vader_valence,unweighted_complete_case
1990,27,0.7550796257732061,0.3642679824286614,1.1096136459171069,vader_valence,unweighted_complete_case
1991,27,0.9336388181181197,0.5998315742939546,1.2485406602817892,vader_valence,unweighted_complete_case
1992,27,0.95202669809618,0.668415526142552,1.235352677412934,vader_valence,unweighted_complete_case
1993,26,0.687889873366453,0.3671223824734785,0.9362270570901767,vader_valence,unweighted_complete_case
1994,26,0.9454937786374267,0.6185362543813205,1.2817093352218534,vader_valence,unweighted_complete_case
1995,27,0.740545417353482,0.3431877134718522,1.1374583198162787,vader_valence,unweighted_complete_case
1996,27,0.416199390019112,0.048085320830630135,0.757221469055504,vader_valence,unweighted_complete_case
1997,26,0.8149369749206001,0.5346932004322349,1.1091186710366356,vader_valence,unweighted_complete_case
1998,27,0.48340110240533574,0.18137107644180683,0.7841081560237745,vader_valence,unweighted_complete_case
1999,27,0.756715471034989,0.5219612105513374,1.0030457006098517,vader_valence,unweighted_complete_case
2000,26,0.7811151402936745,0.5216875584547247,1.0274169738887022,vader_valence,unweighted_complete_case
2001,26,0.5407834231653825,0.22267704012395045,0.8520572850474109,vader_valence,unweighted_complete_case
2002,26,0.461062931198014,0.1589986781542389,0.7442337377527529,vader_valence,unweighted_complete_case
2003,27,0.4767077581155885,0.12410053620766995,0.8149077278635546,vader_valence,unweighted_complete_case
2004,27,0.3310033168085069,0.06601686307605852,0.5674349807054325,vader_valence,unweighted_complete_case
2005,27,0.46573858754154296,0.18119454364024146,0.7407410220241186,vader_valence,unweighted_complete_case
2006,27,0.5740754928203882,0.3035866636047614,0.8601823869631721,vader_valence,unweighted_complete_case
2007,27,0.4700964838224955,0.1984672502101413,0.7267281204340926,vader_valence,unweighted_complete_case
2008,26,0.7148172642567968,0.4497617653625757,0.9563171381733392,vader_valence,unweighted_complete_case
2009,27,0.592305115194443,0.3313034993706138,0.8474284892928481,vader_valence,unweighted_complete_case
2010,26,0.5750990707430038,0.3659141641289247,0.8029096892267201,vader_valence,unweighted_complete_case
2011,27,0.5668449562092179,0.22658286740607744,0.8737750522606629,vader_valence,unweighted_complete_case
2012,27,0.08370732615566975,-0.23832870377358675,0.4254006214001419,vader_valence,unweighted_complete_case
2013,26,0.5567499810175254,0.2018325182639753,0.8656564056113809,vader_valence,unweighted_complete_case
2014,26,0.5517356326247016,0.24614943040538875,0.8355682216221477,vader_valence,unweighted_complete_case
2015,26,0.5504176244875061,0.3022560351775243,0.7867887137598899,vader_valence,unweighted_complete_case
2016,27,0.25237330053223445,0.0003152000788401737,0.5479257425638894,vader_valence,unweighted_complete_case
2017,27,0.24613353389356846,-0.08043953373344519,0.5801104732043141,vader_valence,unweighted_complete_case
2018,27,0.4657275290029447,0.1629973099927549,0.7177914856063524,vader_valence,unweighted_complete_case
2019,25,0.28749829777057945,-0.057038003092536364,0.6036325449075663,vader_valence,unweighted_complete_case
2020,27,0.3215767723981428,0.0750798558030583,0.5699572916616638,vader_valence,unweighted_complete_case
2021,27,0.09470771411418238,-0.18167413686477676,0.36106508729755565,vader_valence,unweighted_complete_case
2022,27,0.29982888399049806,-0.004257786432652263,0.5537349521430279,vader_valence,unweighted_complete_case
2023,24,0.21846696509816677,-0.021516301493136596,0.46247262127531075,vader_valence,unweighted_complete_case
2024,27,0.22367124426332913,0.024519826120683957,0.42607980516721755,vader_valence,unweighted_complete_case
2025,27,0.19671348212184606,-0.09354377598665592,0.5337768663134903,vader_valence,unweighted_complete_case
2026,27,0.3034302301619008,-0.10139609539749998,0.6525114485441471,vader_valence,unweighted_complete_case
